date, value
2012-05-14,110.7900
2012-05-15,111.4000
2012-05-16,109.8000
2012-05-17,109.3100
2012-05-18,108.0300
2012-05-21,109.0200
2012-05-22,109.7600
2012-05-23,106.8800
2012-05-24,107.2000
2012-05-25,107.8600
2012-05-29,107.5500
2012-05-30,103.8500
2012-05-31,103.8600
2012-06-01,98.6300
2012-06-04,97.7400
2012-06-05,98.6500
2012-06-06,101.1400
2012-06-07,100.0500
2012-06-08,97.5700
2012-06-11,98.6000
2012-06-12,96.5900
2012-06-13,97.2900
2012-06-14,96.4600
2012-06-15,97.1300
2012-06-18,95.2100
2012-06-19,95.1400
2012-06-20,93.5000
2012-06-21,89.2200
2012-06-22,89.2200
2012-06-25,88.6900
2012-06-26,90.1900
2012-06-27,92.0600
2012-06-28,91.0200
2012-06-29,94.1700
2012-07-02,95.2800
2012-07-03,99.8900
2012-07-05,101.5400
2012-07-06,98.5000
2012-07-09,99.9400
2012-07-10,99.1500
2012-07-11,99.2300
2012-07-12,99.1800
2012-07-13,101.9100
2012-07-16,102.1000
2012-07-17,104.2100
2012-07-18,105.9200
2012-07-19,107.7900
2012-07-20,106.9800
2012-07-23,103.9100
2012-07-24,103.5700
2012-07-25,102.3500
2012-07-26,104.7700
2012-07-27,106.3000
2012-07-30,106.5400
2012-07-31,105.9300
2012-08-01,106.7800
2012-08-02,107.5500
2012-08-03,109.5700
2012-08-06,110.0100
2012-08-07,112.3900
2012-08-08,113.4200
2012-08-09,113.5200
2012-08-10,113.1300
2012-08-13,114.4800
2012-08-14,113.9000
2012-08-15,115.5100
2012-08-16,116.1200
2012-08-17,115.2000
2012-08-20,115.5000
2012-08-21,116.0300
2012-08-22,115.7700
2012-08-23,117.4500
2012-08-24,115.7600
2012-08-27,113.7400
2012-08-28,112.6200
2012-08-29,112.5300
2012-08-30,112.2800
2012-08-31,113.9300
2012-09-04,114.9800
2012-09-05,113.3200
2012-09-06,114.5000
2012-09-07,113.6400
2012-09-10,113.8400
2012-09-11,114.8600
2012-09-12,114.8600
2012-09-13,116.0000
2012-09-14,117.4800
2012-09-17,116.7000
2012-09-18,113.2900
2012-09-19,108.4900
2012-09-20,109.4100
2012-09-21,111.2700
2012-09-24,109.2000
2012-09-25,110.7700
2012-09-26,108.9900
2012-09-27,111.4500
2012-09-28,111.3600
2012-10-01,112.5800
2012-10-02,112.4900
2012-10-03,109.3200
2012-10-04,110.4800
2012-10-05,112.1700
2012-10-08,112.6000
2012-10-09,114.3200
2012-10-10,116.1100
2012-10-11,116.1800
2012-10-12,115.1700
2012-10-15,115.0000
2012-10-16,115.0000
2012-10-17,113.4900
2012-10-18,112.5800
2012-10-19,111.8900
2012-10-22,109.6200
2012-10-23,107.5300
2012-10-24,107.6600
2012-10-25,107.6400
2012-10-26,108.9000
2012-10-29,109.3300
2012-10-30,109.4000
2012-10-31,109.8900
2012-11-01,108.8400
2012-11-02,106.7900
2012-11-05,105.5900
2012-11-06,109.2700
2012-11-07,108.2100
2012-11-08,107.2300
2012-11-09,108.6100
2012-11-12,110.2300
2012-11-13,108.8200
2012-11-14,109.6600
2012-11-15,110.0700
2012-11-16,106.8100
2012-11-19,110.0600
2012-11-20,110.0100
2012-11-21,110.8100
2012-11-23,110.1400
2012-11-26,110.1800
2012-11-27,109.3300
2012-11-28,108.2600
2012-11-29,110.4700
2012-11-30,110.8400
2012-12-03,111.2700
2012-12-04,109.9900
2012-12-05,108.9600
2012-12-06,108.0100
2012-12-07,107.1600
2012-12-10,108.2500
2012-12-11,107.6000
2012-12-12,110.1700
2012-12-13,110.1800
2012-12-14,109.2800
2012-12-17,109.3500
2012-12-18,109.9600
2012-12-19,109.9500
2012-12-20,110.5700
2012-12-21,109.1300
2012-12-24,108.4400
2012-12-26,110.7200
2012-12-27,110.0400
2012-12-28,110.0500
2012-12-31,110.8000
2013-01-02,112.9800
2013-01-03,113.0300
2013-01-04,112.5800
2013-01-07,112.4900
2013-01-08,113.0300
2013-01-09,113.0700
2013-01-10,112.9700
2013-01-11,110.3000
2013-01-14,111.3200
2013-01-15,111.7200
2013-01-16,110.9700
2013-01-17,111.0100
2013-01-18,111.7100
2013-01-22,112.7200
2013-01-23,113.6800
2013-01-24,114.5900
2013-01-25,113.8800
2013-01-28,113.9200
2013-01-29,115.2200
2013-01-30,115.4200
2013-01-31,115.5500
2013-02-01,115.5500
2013-02-04,116.0600
2013-02-05,117.0300
2013-02-06,116.6100
2013-02-07,117.1700
2013-02-08,118.9000
2013-02-11,118.2900
2013-02-12,117.8900
2013-02-13,118.4300
2013-02-14,118.4800
2013-02-15,117.4000
2013-02-19,117.0400
2013-02-20,116.2300
2013-02-21,114.1900
2013-02-22,113.7400
2013-02-25,114.5500
2013-02-26,112.9600
2013-02-27,112.2400
2013-02-28,112.2000
2013-03-01,110.1400
2013-03-04,109.9000
2013-03-05,110.4200
2013-03-06,110.2700
2013-03-07,110.4200
2013-03-08,108.9100
2013-03-11,108.6400
2013-03-12,108.4800
2013-03-13,107.5100
2013-03-14,108.1000
2013-03-15,109.3200
2013-03-18,108.5400
2013-03-19,106.9100
2013-03-20,108.2700
2013-03-21,106.4100
2013-03-22,106.5100
2013-03-25,106.6600
2013-03-26,107.1000
2013-03-27,108.5100
2013-03-28,108.4600
2013-04-01,108.7600
2013-04-02,109.6600
2013-04-03,107.8200
2013-04-04,105.0900
2013-04-05,103.9800
2013-04-08,103.1600
2013-04-09,104.0800
2013-04-10,104.8000
2013-04-11,103.6200
2013-04-12,100.5800
2013-04-15,99.3200
2013-04-16,97.8800
2013-04-17,96.8400
2013-04-18,97.4800
2013-04-19,98.9400
2013-04-22,99.0700
2013-04-23,99.2500
2013-04-24,100.7100
2013-04-25,101.6200
2013-04-26,102.3900
2013-04-29,102.8800
2013-04-30,101.5300
2013-05-01,98.3400
2013-05-02,100.3200
2013-05-03,104.6000
2013-05-06,105.0000
2013-05-07,105.1800
2013-05-08,103.7900
2013-05-09,103.5900
2013-05-10,101.3100
2013-05-13,102.1700
2013-05-14,102.7000
2013-05-15,101.5700
2013-05-16,104.2700
2013-05-17,103.8300
2013-05-20,104.5500
2013-05-21,103.1000
2013-05-22,102.1400
2013-05-23,100.4600
2013-05-24,101.2400
2013-05-28,103.7700
2013-05-29,102.1400
2013-05-30,101.7900
2013-05-31,100.4300
2013-06-03,101.6300
2013-06-04,102.0400
2013-06-05,103.5100
2013-06-06,103.3700
2013-06-07,104.0700
2013-06-10,103.8700
2013-06-11,101.5000
2013-06-12,103.1100
2013-06-13,103.3800
2013-06-14,105.1000
2013-06-17,105.8000
2013-06-18,105.2100
2013-06-19,105.5600
2013-06-20,102.7200
2013-06-21,100.3600
2013-06-24,99.8000
2013-06-25,101.5100
2013-06-26,100.6200
2013-06-27,102.7400
2013-06-28,102.4900
2013-07-01,103.1900
2013-07-02,103.9600
2013-07-03,106.1200
2013-07-05,107.4600
2013-07-08,107.7500
2013-07-09,107.9000
2013-07-10,108.4300
2013-07-11,108.1800
2013-07-12,109.0300
2013-07-15,109.0500
2013-07-16,109.2900
2013-07-17,109.6700
2013-07-18,109.7100
2013-07-19,109.3400
2013-07-22,108.8200
2013-07-23,109.2700
2013-07-24,108.2300
2013-07-25,108.1000
2013-07-26,107.5700
2013-07-29,108.1000
2013-07-30,107.4700
2013-07-31,107.8900
2013-08-01,109.9400
2013-08-02,109.6300
2013-08-05,109.8100
2013-08-06,108.7700
2013-08-07,108.3900
2013-08-08,107.3200
2013-08-09,108.4900
2013-08-12,109.2800
2013-08-13,110.6900
2013-08-14,110.2600
2013-08-15,111.5800
2013-08-16,111.8200
2013-08-19,111.4100
2013-08-20,110.7400
2013-08-21,110.8200
2013-08-22,110.5100
2013-08-23,112.1200
2013-08-26,112.2300
2013-08-27,115.2100
2013-08-28,116.2700
2013-08-29,116.9100
2013-08-30,115.9700
2013-09-03,115.4900
2013-09-04,115.6500
2013-09-05,115.8100
2013-09-06,117.1500
2013-09-09,115.2000
2013-09-10,112.1000
2013-09-11,112.3700
2013-09-12,113.1100
2013-09-13,113.3100
2013-09-16,110.8600
2013-09-17,109.0500
2013-09-18,109.0900
2013-09-19,110.6600
2013-09-20,110.2200
2013-09-23,108.5600
2013-09-24,107.6800
2013-09-25,109.4600
2013-09-26,108.8600
2013-09-27,109.4500
2013-09-30,107.8500
2013-10-01,107.3200
2013-10-02,109.0900
2013-10-03,109.4900
2013-10-04,109.4200
2013-10-07,109.6600
2013-10-08,110.5600
2013-10-09,109.0200
2013-10-10,111.6300
2013-10-11,110.6500
2013-10-14,110.1300
2013-10-15,110.6700
2013-10-16,110.7900
2013-10-17,109.5500
2013-10-18,109.4000
2013-10-21,109.4700
2013-10-22,109.5700
2013-10-23,107.7400
2013-10-24,106.6300
2013-10-25,105.7000
2013-10-28,108.2900
2013-10-29,108.0400
2013-10-30,108.4100
2013-10-31,107.5300
2013-11-01,105.7800
2013-11-04,104.8500
2013-11-05,105.0100
2013-11-06,105.4600
2013-11-07,103.0800
2013-11-08,104.2900
2013-11-11,105.7600
2013-11-12,106.2900
2013-11-13,106.9000
2013-11-14,108.2900
2013-11-15,108.2500
2013-11-18,108.8000
2013-11-19,108.2900
2013-11-20,108.2700
2013-11-21,109.9000
2013-11-22,111.3600
2013-11-25,110.8300
2013-11-26,112.0400
2013-11-27,111.3200
2013-11-29,111.0700
2013-12-02,111.4900
2013-12-03,113.0600
2013-12-04,113.2700
2013-12-05,112.0700
2013-12-06,111.5000
2013-12-09,110.0700
2013-12-10,108.9100
2013-12-11,109.4700
2013-12-12,108.9900
2013-12-13,108.0800
2013-12-16,110.3000
2013-12-17,108.9100
2013-12-18,109.5600
2013-12-19,110.7800
2013-12-20,112.1500
2013-12-23,111.5800
2013-12-24,111.5700
2013-12-26,111.6500
2013-12-27,112.0600
2013-12-30,110.4700
2013-12-31,109.9500
2014-01-02,107.9400
2014-01-03,106.5700
2014-01-06,106.7100
2014-01-07,107.0100
2014-01-08,107.4200
2014-01-09,107.4900
2014-01-10,106.4400
2014-01-13,108.0200
2014-01-14,107.1200
2014-01-15,108.0900
2014-01-16,107.4600
2014-01-17,108.4500
2014-01-20,108.0100
2014-01-21,109.1700
2014-01-22,109.6900
2014-01-23,109.6900
2014-01-24,109.1400
2014-01-27,108.7200
2014-01-28,109.1000
2014-01-29,108.8300
2014-01-30,109.3600
2014-01-31,108.1600
2014-02-03,106.5500
2014-02-04,107.0400
2014-02-05,106.8100
2014-02-06,108.1500
2014-02-07,110.1200
2014-02-10,110.1800
2014-02-11,109.2100
2014-02-12,108.6200
2014-02-13,108.9800
2014-02-14,108.6300
2014-02-18,110.1400
2014-02-19,110.3700
2014-02-20,109.4200
2014-02-21,109.0300
2014-02-24,109.7600
2014-02-25,109.1900
2014-02-26,109.3900
2014-02-27,108.5400
2014-02-28,108.9800
2014-03-03,111.2600
2014-03-04,109.1700
2014-03-05,108.1500
2014-03-06,107.9900
2014-03-07,109.1400
2014-03-10,108.2700
2014-03-11,108.3500
2014-03-12,107.8800
2014-03-13,107.4800
2014-03-14,108.0800
2014-03-17,106.9900
2014-03-18,106.7900
2014-03-19,105.9500
2014-03-20,105.7300
2014-03-21,107.2000
2014-03-24,106.5900
2014-03-25,107.0100
2014-03-26,105.9000
2014-03-27,106.5800
2014-03-28,106.6400
2014-03-31,105.9500
2014-04-01,105.7000
2014-04-02,103.3700
2014-04-03,104.8800
2014-04-04,106.4100
2014-04-07,104.8900
2014-04-08,105.8300
2014-04-09,107.3900
2014-04-10,107.1000
2014-04-11,107.3400
2014-04-14,107.6800
2014-04-15,109.1000
2014-04-16,109.7100
2014-04-17,109.7900
2014-04-21,109.6900
2014-04-22,108.5400
2014-04-23,108.4800
2014-04-24,109.7900
2014-04-25,109.5300
2014-04-28,109.1200
2014-04-29,109.8900
2014-04-30,108.6300
2014-05-01,108.6300
2014-05-02,109.4800
2014-05-05,109.4800
2014-05-06,108.3000
2014-05-07,108.1700
2014-05-08,108.1900
2014-05-09,108.2600
2014-05-12,108.3700
2014-05-13,108.7800
2014-05-14,109.8700
2014-05-15,109.7400
2014-05-16,110.9000
2014-05-19,110.8400
2014-05-20,110.3500
2014-05-21,111.3200
2014-05-22,110.8900
2014-05-23,110.1900
2014-05-26,110.0100
2014-05-27,109.8100
2014-05-28,109.0900
2014-05-29,109.9800
2014-05-30,109.2100
2014-06-02,109.3400
2014-06-03,108.8700
2014-06-04,109.0700
2014-06-05,108.4300
2014-06-06,109.2100
2014-06-09,110.5500
2014-06-10,109.1800
2014-06-11,109.8300
2014-06-12,112.1800
2014-06-13,113.1500
2014-06-16,113.4200
2014-06-17,114.0200
2014-06-18,114.2500
2014-06-19,115.1900
2014-06-20,114.5500
2014-06-23,113.6200
2014-06-24,113.7400
2014-06-25,112.8400
2014-06-26,112.6100
2014-06-27,112.6200
2014-06-30,111.0300
2014-07-01,110.8400
2014-07-02,110.1800
2014-07-03,108.9800
2014-07-07,108.7000
2014-07-08,107.6500
2014-07-09,106.8400
2014-07-10,106.2000
2014-07-11,105.7700
2014-07-14,104.7300
2014-07-15,104.7300
2014-07-16,105.4100
2014-07-17,106.0400
2014-07-18,106.0300
2014-07-21,105.7100
2014-07-22,106.4800
2014-07-23,106.8500
2014-07-24,105.7800
2014-07-25,106.8900
2014-07-28,106.7000
2014-07-29,106.9800
2014-07-30,106.4700
2014-07-31,104.9400
2014-08-01,103.4500
2014-08-04,103.6300
2014-08-05,102.8200
2014-08-06,104.1700
2014-08-07,104.0200
2014-08-08,103.3600
2014-08-11,103.4700
2014-08-12,101.6800
2014-08-13,102.2700
2014-08-14,101.1500
2014-08-15,101.1300
2014-08-18,99.3700
2014-08-19,99.7400
2014-08-20,99.9200
2014-08-21,100.2800
2014-08-22,100.0900
2014-08-25,100.4900
2014-08-26,100.5000
2014-08-27,100.4000
2014-08-28,100.7100
2014-08-29,101.1200
2014-09-02,100.2100
2014-09-03,100.8800
2014-09-04,101.2100
2014-09-05,99.5100
2014-09-08,99.5300
2014-09-09,98.0800
2014-09-10,96.2600
2014-09-11,96.4200
2014-09-12,96.3100
2014-09-15,96.4300
2014-09-16,97.3900
2014-09-17,97.7000
2014-09-18,96.8200
2014-09-19,96.7500
2014-09-22,95.3700
2014-09-23,94.8700
2014-09-24,94.5300
2014-09-25,95.2000
2014-09-26,95.0800
2014-09-29,95.7000
2014-09-30,94.6700
2014-10-01,94.5700
2014-10-02,91.2900
2014-10-03,90.8000
2014-10-06,90.6500
2014-10-07,90.9000
2014-10-08,90.2500
2014-10-09,90.4700
2014-10-10,88.6600
2014-10-13,87.8200
2014-10-14,86.3600
2014-10-15,84.0200
2014-10-16,84.0200
2014-10-17,85.2700
2014-10-20,84.4200
2014-10-21,85.1700
2014-10-22,86.3800
2014-10-23,85.9400
2014-10-24,86.0000
2014-10-27,85.6400
2014-10-28,85.5700
2014-10-29,86.9100
2014-10-30,85.5000
2014-10-31,84.1700
2014-11-03,84.9000
2014-11-04,82.1200
2014-11-05,82.8800
2014-11-06,82.0800
2014-11-07,83.2000
2014-11-10,82.9000
2014-11-11,80.9400
2014-11-12,80.4200
2014-11-13,77.7400
2014-11-14,77.5100
2014-11-17,76.8600
2014-11-18,77.2300
2014-11-19,77.2100
2014-11-20,77.6100
2014-11-21,79.2000
2014-11-24,79.6200
2014-11-25,77.6200
2014-11-26,77.3900
2014-11-28,71.8900
2014-12-01,70.8700
2014-12-02,71.1300
2014-12-03,70.1300
2014-12-04,68.4800
2014-12-05,68.0000
2014-12-08,65.6400
2014-12-09,66.1100
2014-12-10,63.3200
2014-12-11,63.6500
2014-12-12,61.6700
2014-12-15,61.0900
2014-12-16,60.2600
2014-12-17,59.8400
2014-12-18,58.8100
2014-12-19,58.8700
2014-12-22,58.3100
2014-12-23,59.0700
2014-12-24,58.6700
2014-12-26,58.7200
2014-12-29,57.8600
2014-12-30,55.6000
2014-12-31,55.2700
2015-01-02,55.3800
2015-01-05,51.0800
2015-01-06,50.1200
2015-01-07,49.0600
2015-01-08,49.4300
2015-01-09,47.6400
2015-01-12,46.9000
2015-01-13,45.1300
2015-01-14,45.8200
2015-01-15,47.6600
2015-01-16,47.3800
2015-01-20,46.4900
2015-01-21,46.5000
2015-01-22,46.0900
2015-01-23,46.6900
2015-01-26,46.0700
2015-01-27,46.5500
2015-01-28,47.0700
2015-01-29,46.6100
2015-01-30,47.5200
2015-02-02,51.7400
2015-02-03,54.4100
2015-02-04,55.0700
2015-02-05,55.9800
2015-02-06,55.8800
2015-02-09,57.0000
2015-02-10,55.7900
2015-02-11,53.4800
2015-02-12,56.2300
2015-02-13,60.3300
2015-02-16,61.5700
2015-02-17,60.7800
2015-02-18,60.7200
2015-02-19,58.7800
2015-02-20,60.9900
2015-02-23,59.7800
2015-02-24,60.3300
2015-02-25,59.7700
2015-02-26,61.3900
2015-02-27,61.8900
2015-03-02,60.7500
2015-03-03,61.1800
2015-03-04,59.1800
2015-03-05,60.3300
2015-03-06,59.1500
2015-03-09,58.6700
2015-03-10,55.9500
2015-03-11,56.4600
2015-03-12,56.6600
2015-03-13,54.8000
2015-03-16,52.0000
2015-03-17,52.1700
2015-03-18,52.5900
2015-03-19,52.9600
2015-03-20,53.8800
2015-03-23,53.8200
2015-03-24,53.6100
2015-03-25,54.1800
2015-03-26,57.0200
2015-03-27,56.4400
2015-03-30,53.9900
2015-03-31,53.6900
2015-04-01,55.7300
2015-04-02,55.7300
2015-04-06,55.7300
2015-04-07,57.5500
2015-04-08,56.4200
2015-04-09,56.0400
2015-04-10,56.8200
2015-04-13,57.1400
2015-04-14,57.6900
2015-04-15,59.3200
2015-04-16,60.1300
2015-04-17,61.3100
2015-04-20,61.2000
2015-04-21,60.1200
2015-04-22,60.1200
2015-04-23,62.6600
2015-04-24,62.9600
2015-04-27,62.8600
2015-04-28,62.6100
2015-04-29,63.9700
2015-04-30,63.9000
2015-05-01,64.1300
2015-05-04,64.6200
2015-05-05,65.4400
2015-05-06,66.2200
2015-05-07,64.9300
2015-05-08,63.8200
2015-05-11,62.8200
2015-05-12,65.0900
2015-05-13,66.3300
2015-05-14,65.5800
2015-05-15,64.6900
2015-05-18,65.1500
2015-05-19,63.4800
2015-05-20,63.5200
2015-05-21,64.7000
2015-05-22,64.7000
2015-05-26,61.6500
2015-05-27,62.0600
2015-05-28,62.5800
2015-05-29,65.5600
2015-06-01,64.8800
2015-06-02,65.4900
2015-06-03,63.8000
2015-06-04,62.0300
2015-06-05,63.3100
2015-06-08,62.6900
2015-06-09,64.8800
2015-06-10,65.7000
2015-06-11,65.1100
2015-06-12,63.8700
2015-06-15,62.6100
2015-06-16,63.7000
2015-06-17,63.8700
2015-06-18,64.2600
2015-06-19,63.0200
2015-06-22,63.3400
2015-06-23,64.4500
2015-06-24,63.4900
2015-06-25,63.2000
2015-06-26,63.2600
2015-06-29,62.0100
2015-06-30,63.5900
2015-07-01,62.0100
2015-07-02,62.0700
2015-07-03,60.3200
2015-07-06,56.5400
2015-07-07,56.8500
2015-07-08,57.0500
2015-07-09,58.6100
2015-07-10,58.7300
2015-07-13,57.8500
2015-07-14,58.5100
2015-07-15,57.0500
2015-07-16,57.5100
2015-07-17,57.1000
2015-07-20,56.6500
2015-07-21,57.0400
2015-07-22,56.1300
2015-07-23,55.2700
2015-07-24,54.6200
2015-07-27,53.4700
2015-07-28,53.3000
2015-07-29,53.3800
2015-07-30,53.3100
2015-07-31,52.2100
2015-08-03,49.5200
2015-08-04,49.9900
2015-08-05,49.5900
2015-08-06,49.5200
2015-08-07,48.6100
2015-08-10,50.4100
2015-08-11,49.1800
2015-08-12,49.6600
2015-08-13,49.2200
2015-08-14,49.0300
2015-08-17,48.7400
2015-08-18,48.8100
2015-08-19,47.1600
2015-08-20,46.6200
2015-08-21,45.4600
2015-08-24,42.6900
2015-08-25,43.2100
2015-08-26,43.1400
2015-08-27,47.5600
2015-08-28,50.0500
2015-08-31,54.1500
2015-09-01,49.5600
2015-09-02,50.5000
2015-09-03,50.6800
2015-09-04,49.6100
2015-09-07,47.6300
2015-09-08,49.5200
2015-09-09,47.5800
2015-09-10,48.8900
2015-09-11,48.1400
2015-09-14,46.3700
2015-09-15,46.6300
2015-09-16,49.7500
2015-09-17,49.0800
2015-09-18,47.4700
2015-09-21,48.9200
2015-09-22,49.0800
2015-09-23,47.7500
2015-09-24,48.1700
2015-09-25,48.6000
2015-09-28,47.3400
2015-09-29,48.2300
2015-09-30,48.3700
2015-10-01,47.6900
2015-10-02,48.1300
2015-10-05,49.2500
2015-10-06,51.9200
2015-10-07,51.3300
2015-10-08,53.0500
2015-10-09,52.6500
2015-10-12,49.8600
2015-10-13,49.2400
2015-10-14,49.1500
2015-10-15,48.7100
2015-10-16,50.4600
2015-10-19,48.6100
2015-10-20,48.7100
2015-10-21,47.8500
2015-10-22,48.0800
2015-10-23,47.9900
2015-10-26,47.5400
2015-10-27,46.8100
2015-10-28,49.0500
2015-10-29,48.8000
2015-10-30,49.5600
2015-11-02,48.7900
2015-11-03,50.5400
2015-11-04,48.5800
2015-11-05,47.9800
2015-11-06,47.4200
2015-11-09,47.1900
2015-11-10,47.4400
2015-11-11,45.8100
2015-11-12,44.0600
2015-11-13,43.6100
2015-11-16,44.5600
2015-11-17,43.5700
2015-11-18,44.1400
2015-11-19,44.1800
2015-11-20,44.6600
2015-11-23,44.8300
2015-11-24,46.1200
2015-11-25,46.1700
2015-11-26,45.4600
2015-11-27,44.8600
2015-11-30,44.6100
2015-12-01,44.4400
2015-12-02,42.4900
2015-12-03,43.8400
2015-12-04,43.0000
2015-12-07,40.7300
2015-12-08,40.2600
2015-12-09,40.1100
2015-12-10,39.7300
2015-12-11,37.9300
2015-12-14,37.9200
2015-12-15,38.4500
2015-12-16,37.1900
2015-12-17,37.0600
2015-12-18,36.8800
2015-12-21,36.3500
2015-12-22,36.1100
2015-12-23,37.3600
2015-12-24,37.8900
2015-12-28,36.6200
2015-12-29,37.7900
2015-12-30,36.4600
2015-12-31,37.2800
2016-01-04,37.2200
2016-01-05,36.4200
2016-01-06,34.2300
2016-01-07,33.7500
2016-01-08,33.5500
2016-01-11,31.5500
2016-01-12,30.8600
2016-01-13,30.3100
2016-01-14,31.0300
2016-01-15,28.9400
2016-01-18,28.5500
2016-01-19,28.7600
2016-01-20,27.8800
2016-01-21,29.2500
2016-01-22,32.1800
2016-01-25,30.5000
2016-01-26,31.8000
2016-01-27,33.1000
2016-01-28,33.8900
2016-01-29,34.7400
2016-02-01,34.2400
2016-02-02,32.7200
2016-02-03,35.0400
2016-02-04,34.4600
2016-02-05,34.0600
2016-02-08,32.8800
2016-02-09,30.3200
2016-02-10,30.8400
2016-02-11,30.0600
2016-02-12,33.3600
2016-02-15,33.3900
2016-02-16,32.1800
2016-02-17,34.5000
2016-02-18,34.2800
2016-02-19,33.0100
2016-02-22,34.6900
2016-02-23,33.2700
2016-02-24,34.4100
2016-02-25,35.2900
2016-02-26,35.1000
2016-02-29,35.9700
2016-03-01,36.8100
2016-03-02,36.9300
2016-03-03,37.0700
2016-03-04,38.7200
2016-03-07,40.8400
2016-03-08,39.6500
2016-03-09,41.0700
2016-03-10,40.0500
2016-03-11,40.3900
2016-03-14,39.5300
2016-03-15,38.7400
2016-03-16,40.3300
2016-03-17,41.5400
2016-03-18,41.2000
2016-03-21,41.5400
2016-03-22,41.7900
2016-03-23,40.4700
2016-03-24,40.4400
2016-03-28,40.2700
2016-03-29,39.1400
2016-03-30,39.2600
2016-03-31,39.6000
2016-04-01,38.6700
2016-04-04,37.6900
2016-04-05,37.8700
2016-04-06,39.8400
2016-04-07,39.4300
2016-04-08,41.9400
2016-04-11,42.8300
2016-04-12,44.6900
2016-04-13,44.1800
2016-04-14,43.8400
2016-04-15,43.1000
2016-04-18,42.9100
2016-04-19,44.0300
2016-04-20,45.8000
2016-04-21,44.5300
2016-04-22,45.1100
2016-04-25,44.4800
2016-04-26,45.7400
2016-04-27,47.1800
2016-04-28,48.1400
2016-04-29,48.1300
2016-05-02,45.8300
2016-05-03,44.9700
2016-05-04,44.6200
2016-05-05,45.0100
2016-05-06,45.3700
2016-05-09,43.6300
2016-05-10,45.5200
2016-05-11,47.6000
2016-05-12,48.0800
2016-05-13,47.8300
2016-05-16,48.9700
2016-05-17,49.2800
2016-05-18,48.9300
2016-05-19,48.8100
2016-05-20,48.7200
2016-05-23,48.3500
2016-05-24,48.6100
2016-05-25,49.7400
2016-05-26,49.5900
2016-05-27,49.3200
2016-05-30,49.7600
2016-05-31,49.6900
2016-06-01,49.7200
2016-06-02,50.0400
2016-06-03,49.6400
2016-06-06,50.5500
2016-06-07,51.4400
2016-06-08,52.5100
2016-06-09,51.9500
2016-06-10,50.5400
2016-06-13,50.3500
2016-06-14,49.8300
2016-06-15,48.9700
2016-06-16,47.1900
2016-06-17,49.1700
2016-06-20,50.6500
2016-06-21,50.6200
2016-06-22,49.8800
2016-06-23,50.9100
2016-06-24,48.4100
2016-06-27,47.1600
2016-06-28,48.5800
2016-06-29,50.6100
2016-06-30,49.6800
2016-07-01,50.3500
2016-07-04,50.1000
2016-07-05,47.9600
2016-07-06,48.8000
2016-07-07,46.4000
2016-07-08,46.7600
2016-07-11,46.2500
2016-07-12,48.4700
2016-07-13,46.2600
2016-07-14,47.3700
2016-07-15,47.6100
2016-07-18,46.9600
2016-07-19,46.6600
2016-07-20,47.1700
2016-07-21,46.2000
2016-07-22,45.6900
2016-07-25,44.7200
2016-07-26,44.8700
2016-07-27,43.4700
2016-07-28,42.7000
2016-07-29,42.4600
2016-08-01,42.1400
2016-08-02,41.8000
2016-08-03,43.1000
2016-08-04,44.2900
2016-08-05,44.2700
2016-08-08,45.3900
2016-08-09,44.9800
2016-08-10,44.0500
2016-08-11,46.0400
2016-08-12,46.9700
2016-08-15,48.3500
2016-08-16,49.2300
2016-08-17,49.8500
2016-08-18,50.8900
2016-08-19,50.8800
2016-08-22,49.1600
2016-08-23,49.9600
2016-08-24,49.0500
2016-08-25,49.6700
2016-08-26,49.9200
2016-08-29,49.2600
2016-08-30,48.3700
2016-08-31,47.0400
2016-09-01,45.4500
2016-09-02,46.8300
2016-09-05,47.6300
2016-09-06,47.2600
2016-09-07,47.9800
2016-09-08,49.9900
2016-09-09,48.0100
2016-09-12,48.3200
2016-09-13,47.1000
2016-09-14,45.8500
2016-09-15,46.5900
2016-09-16,45.7700
2016-09-19,45.9500
2016-09-20,45.8800
2016-09-21,46.8300
2016-09-22,47.6500
2016-09-23,45.8900
2016-09-26,47.3500
2016-09-27,45.9700
2016-09-28,48.6900
2016-09-29,49.2400
2016-09-30,49.0600
2016-10-03,50.8900
2016-10-04,50.8700
2016-10-05,51.8600
2016-10-06,52.5100
2016-10-07,51.9300
2016-10-10,53.1400
2016-10-11,52.4100
2016-10-12,51.8100
2016-10-13,52.0300
2016-10-14,51.9500
2016-10-17,51.5200
2016-10-18,51.6800
2016-10-19,52.6700
2016-10-20,51.3800
2016-10-21,51.7800
2016-10-24,51.4600
2016-10-25,50.7900
2016-10-26,49.9800
2016-10-27,50.4700
2016-10-28,49.7100
2016-10-31,48.3000
2016-11-01,48.1400
2016-11-02,46.8600
2016-11-03,46.3500
2016-11-04,45.5800
2016-11-07,46.1500
2016-11-08,46.0400
2016-11-09,46.3600
2016-11-10,45.8400
2016-11-11,44.7500
2016-11-14,44.4300
2016-11-15,46.9500
2016-11-16,46.6300
2016-11-17,46.4900
2016-11-18,46.8600
2016-11-21,48.9000
2016-11-22,49.1200
2016-11-23,48.9500
2016-11-24,49.0000
2016-11-25,47.2400
2016-11-28,48.2400
2016-11-29,46.3800
2016-11-30,50.4700
2016-12-01,53.9400
2016-12-02,54.4600
2016-12-05,54.9400
2016-12-06,53.9300
2016-12-07,53.0000
2016-12-08,53.8900
2016-12-09,54.3300
2016-12-12,55.6900
2016-12-13,55.7200
2016-12-14,53.9000
2016-12-15,54.0200
2016-12-16,55.2100
2016-12-19,54.9200
2016-12-20,55.3500
2016-12-21,54.4600
2016-12-22,55.0500
2016-12-23,55.1600
2016-12-27,56.0900
2016-12-28,56.2200
2016-12-29,56.1400
2016-12-30,56.8200
2017-01-02,56.8200
2017-01-03,55.4700
2017-01-04,56.4600
2017-01-05,56.8900
2017-01-06,57.1000
2017-01-09,54.9400
2017-01-10,53.6400
2017-01-11,55.1000
2017-01-12,56.0100
2017-01-13,55.4500
2017-01-16,55.8600
2017-01-17,55.4700
2017-01-18,53.9200
2017-01-19,54.1600
2017-01-20,55.4900
2017-01-23,55.2300
2017-01-24,55.4400
2017-01-25,55.0800
2017-01-26,56.2400
2017-01-27,55.5200
2017-01-30,55.2300
2017-01-31,55.7000
2017-02-01,56.8000
2017-02-02,56.5600
2017-02-03,56.8100
2017-02-06,55.7200
2017-02-07,55.0500
2017-02-08,55.1200
2017-02-09,55.6300
2017-02-10,56.7000
2017-02-13,55.5900
2017-02-14,55.9700
2017-02-15,55.7500
2017-02-16,55.6500
2017-02-17,55.8100
2017-02-20,56.1800
2017-02-21,56.6600
2017-02-22,55.8400
2017-02-23,56.5800
2017-02-24,55.9900
2017-02-27,55.9300
2017-02-28,55.5900
2017-03-01,56.3600
2017-03-02,55.0800
2017-03-03,55.9000
2017-03-06,56.0100
2017-03-07,55.9200
2017-03-08,53.1100
2017-03-09,52.1900
2017-03-10,51.3700
2017-03-13,51.3500
2017-03-14,50.9200
2017-03-15,51.8100
2017-03-16,51.7400
2017-03-17,51.7600
2017-03-20,51.6200
2017-03-21,50.9600
2017-03-22,50.6400
2017-03-23,50.5600
2017-03-24,50.8000
2017-03-27,50.7500
2017-03-28,51.3300
2017-03-29,52.4200
2017-03-30,52.9600
2017-03-31,52.8300
2017-04-03,53.1200
2017-04-04,54.1700
2017-04-05,54.3600
2017-04-06,54.8900
2017-04-07,55.2400
2017-04-10,55.9800
2017-04-11,56.2300
2017-04-12,55.8600
2017-04-13,55.8900
2017-04-17,55.3600
2017-04-18,54.8900
2017-04-19,52.9300
2017-04-20,52.9900
2017-04-21,51.9600
2017-04-24,51.6000
2017-04-25,52.1000
2017-04-26,51.8200
2017-04-27,51.4400
2017-04-28,51.7300
2017-05-01,51.5200
2017-05-02,50.4600
2017-05-03,50.7900
2017-05-04,48.3800
2017-05-05,49.1000
2017-05-08,49.3400
2017-05-09,48.7300
2017-05-10,50.2200
2017-05-11,50.7700
2017-05-12,50.8400
2017-05-15,51.8200
2017-05-16,51.6500
2017-05-17,52.2100
2017-05-18,52.5100
2017-05-19,53.6100
2017-05-22,53.8700
2017-05-23,54.1500
2017-05-24,53.9600
2017-05-25,51.4600
2017-05-26,52.1500
2017-05-29,52.2900
2017-05-30,51.8400
2017-05-31,50.3100
2017-06-01,50.6300
2017-06-02,49.9500
2017-06-05,49.4700
2017-06-06,50.1200
2017-06-07,48.0600
2017-06-08,47.8600
2017-06-09,48.1500
2017-06-12,48.2900
2017-06-13,48.7200
2017-06-14,47.0000
2017-06-15,46.9200
2017-06-16,47.3700
2017-06-19,46.9100
2017-06-20,46.0200
2017-06-21,44.8200
2017-06-22,45.2200
2017-06-23,45.5400
2017-06-26,45.8300
2017-06-27,46.6500
2017-06-28,47.3100
2017-06-29,47.4200
2017-06-30,47.9200
2017-07-03,49.6800
2017-07-04,49.6100
2017-07-05,47.7900
2017-07-06,48.1100
2017-07-07,46.7100
2017-07-10,46.8800
2017-07-11,47.5200
2017-07-12,47.7400
2017-07-13,48.4200
2017-07-14,48.9100
2017-07-17,48.4200
2017-07-18,48.8400
2017-07-19,49.7000
2017-07-20,49.3000
2017-07-21,48.0600
2017-07-24,48.6000
2017-07-25,50.2000
2017-07-26,50.9700
2017-07-27,51.4900
2017-07-28,52.5200
2017-07-31,52.6500
2017-08-01,51.7800
2017-08-02,52.3600
2017-08-03,52.0100
2017-08-04,52.4200
2017-08-07,52.3700
2017-08-08,52.1400
2017-08-09,52.7000
2017-08-10,51.9000
2017-08-11,52.1000
2017-08-14,50.7300
2017-08-15,50.8000
2017-08-16,50.2700
2017-08-17,51.0300
2017-08-18,52.7200
2017-08-21,51.6600
2017-08-22,51.8700
2017-08-23,52.5700
2017-08-24,52.0400
2017-08-25,52.4100
2017-08-28,51.8900
2017-08-29,52.0000
2017-08-30,50.8600
2017-08-31,52.3800
2017-09-01,52.7500
2017-09-04,52.3400
2017-09-05,53.3800
2017-09-06,54.2000
2017-09-07,54.4900
2017-09-08,53.7800
2017-09-11,53.8400
2017-09-12,54.2700
2017-09-13,55.1600
2017-09-14,55.4700
2017-09-15,55.6200
2017-09-18,55.4800
2017-09-19,55.1400
2017-09-20,56.2900
2017-09-21,56.4300
2017-09-22,56.8600
2017-09-25,59.0200
2017-09-26,58.4400
2017-09-27,57.9000
2017-09-28,57.4100
2017-09-29,57.5400
2017-10-02,56.1200
2017-10-03,56.0000
2017-10-04,55.8000
2017-10-05,57.0000
2017-10-06,55.6200
2017-10-09,55.7900
2017-10-10,56.6100
2017-10-11,56.9400
2017-10-12,56.2500
2017-10-13,57.1700
2017-10-16,57.8200
2017-10-17,57.8800
2017-10-18,58.1500
2017-10-19,57.2300
2017-10-20,57.7500
2017-10-23,57.3700
2017-10-24,58.3300
2017-10-25,58.4400
2017-10-26,59.3000
2017-10-27,60.4400
2017-10-30,60.9000
2017-10-31,61.3700
2017-11-01,60.4900
2017-11-02,60.6200
2017-11-03,62.0700
2017-11-06,64.2700
2017-11-07,63.6900
2017-11-08,63.4900
2017-11-09,63.9300
2017-11-10,63.5200
2017-11-13,63.1600
2017-11-14,60.9100
2017-11-15,61.2500
2017-11-16,61.1800
2017-11-17,61.3400
2017-11-20,61.3400
2017-11-21,62.2800
2017-11-22,62.9200
2017-11-23,63.2700
2017-11-24,63.5800
2017-11-27,63.2500
2017-11-28,63.5600
2017-11-29,63.7400
2017-11-30,63.5300
2017-12-01,64.5700
2017-12-04,63.4500
2017-12-05,63.4500
2017-12-06,62.2500
2017-12-07,62.3700
2017-12-08,63.8600
2017-12-11,65.6200
2017-12-12,64.9600
2017-12-13,63.6600
2017-12-14,63.7200
2017-12-15,63.8100
2017-12-18,64.4500
2017-12-19,63.6900
2017-12-20,64.4300
2017-12-21,64.6400
2017-12-22,64.6100
2017-12-27,66.0300
2017-12-28,66.8000
2017-12-29,66.7300
2018-01-02,66.6500
2018-01-03,67.8500
2018-01-04,68.7300
2018-01-05,68.0100
2018-01-08,68.4800
2018-01-09,69.0800
2018-01-10,69.7900
2018-01-11,70.3600
2018-01-12,69.6400
2018-01-15,70.3100
2018-01-16,69.4000
2018-01-17,69.1900
2018-01-18,69.4800
2018-01-19,68.5600
2018-01-22,69.3200
2018-01-23,69.8100
2018-01-24,69.9100
2018-01-25,71.0800
2018-01-26,70.0800
2018-01-29,68.4100
2018-01-30,67.7800
2018-01-31,67.7800
2018-02-01,68.6000
2018-02-02,67.4500
2018-02-05,67.6900
2018-02-06,66.7500
2018-02-07,65.7400
2018-02-08,64.2600
2018-02-09,63.0400
2018-02-12,62.2000
2018-02-13,61.9400
2018-02-14,62.2900
2018-02-15,62.8600
2018-02-16,64.3000
2018-02-19,64.9500
2018-02-20,64.6800
2018-02-21,64.8100
2018-02-22,66.1200
2018-02-23,67.0400
2018-02-26,67.9600
2018-02-27,67.5900
2018-02-28,66.0800
2018-03-01,64.2300
2018-03-02,64.2600
2018-03-05,65.7800
2018-03-06,65.6700
2018-03-07,65.0900
2018-03-08,63.8700
2018-03-09,65.1900
2018-03-12,64.5300
2018-03-13,64.2000
2018-03-14,63.6100
2018-03-15,63.6700
2018-03-16,64.6800
2018-03-19,64.8200
2018-03-20,66.0000
2018-03-21,68.1500
2018-03-22,68.9800
2018-03-23,69.0300
2018-03-26,68.8100
2018-03-27,68.6300
2018-03-28,68.1300
2018-03-29,69.0200
2018-04-03,69.0200
2018-04-04,66.0400
2018-04-05,66.5400
2018-04-06,66.5100
2018-04-09,68.1900
2018-04-10,70.6700
2018-04-11,72.7400
2018-04-12,71.4400
2018-04-13,73.1800
2018-04-16,72.0500
2018-04-17,71.7100
2018-04-18,73.7300
2018-04-19,74.8500
2018-04-20,74.6200
2018-04-23,74.5400
2018-04-24,75.8600
2018-04-25,73.7900
2018-04-26,75.3900
2018-04-27,75.3300
2018-04-30,75.9200
2018-05-01,74.8500
2018-05-02,73.1400
2018-05-03,73.4500
2018-05-04,74.7500
2018-05-08,74.1600
2018-05-09,77.6000
2018-05-10,77.5900
2018-05-11,77.3700
2018-05-14,78.1700
2018-05-15,78.9400
2018-05-16,78.1900
2018-05-17,80.0900
2018-05-18,78.3800
2018-05-21,78.3400
2018-05-22,80.4200
2018-05-23,78.6900
2018-05-24,78.9000
2018-05-25,76.6000
2018-05-29,74.5100
2018-05-30,75.8900
2018-05-31,76.4500
2018-06-01,74.5400
2018-06-04,73.4100
2018-06-05,72.9100
2018-06-06,73.2300
2018-06-07,75.2300
2018-06-08,75.1100
2018-06-11,74.5800
2018-06-12,74.8600
2018-06-13,75.0700
2018-06-14,74.7700
2018-06-15,72.0200
2018-06-18,74.8700
2018-06-19,74.9200
2018-06-20,74.2500
2018-06-21,72.8700
2018-06-22,73.6700
2018-06-25,72.8200
2018-06-26,73.5800
2018-06-27,76.0900
2018-06-28,76.2600
2018-06-29,77.4400
2018-07-02,76.7100
2018-07-03,75.8700
2018-07-04,76.9900
2018-07-05,77.0900
2018-07-06,74.9800
2018-07-09,77.0800
2018-07-10,77.8000
2018-07-11,75.3500
2018-07-12,72.1100
2018-07-13,74.1100
2018-07-16,71.0300
2018-07-17,70.8700
2018-07-18,70.5200
2018-07-19,71.9400
2018-07-20,71.9900
2018-07-23,73.4500
2018-07-24,73.5300
2018-07-25,73.6700
2018-07-26,74.5100
2018-07-27,74.8400
2018-07-30,74.9900
2018-07-31,74.1600
2018-08-01,72.2800
2018-08-02,72.9500
2018-08-03,72.4800
2018-08-06,72.5100
2018-08-07,72.3100
2018-08-08,70.7100
2018-08-09,70.5500
2018-08-10,71.0000
2018-08-13,70.6200
2018-08-14,70.7700
2018-08-15,68.3800
2018-08-16,69.2100
2018-08-17,70.1400
2018-08-20,71.1100
2018-08-21,71.6500
2018-08-22,72.9600
2018-08-23,73.7300
2018-08-24,74.4100
2018-08-27,74.4100
2018-08-28,75.9100
2018-08-29,76.0700
2018-08-30,77.0500
2018-08-31,76.9400
2018-09-03,77.8100
2018-09-04,77.5100
2018-09-05,76.6800
2018-09-06,75.6700
2018-09-07,75.5500
2018-09-10,76.7700
2018-09-11,78.2200
2018-09-12,80.0200
2018-09-13,77.6600
2018-09-14,77.8700
2018-09-17,78.2200
2018-09-18,79.2500
2018-09-19,79.4300
2018-09-20,79.0300
2018-09-21,78.9000
2018-09-24,80.8900
2018-09-25,82.2100
2018-09-26,81.8700
2018-09-27,81.5400
2018-09-28,82.7200
2018-10-01,84.9400
2018-10-02,85.6300
2018-10-03,85.4500
2018-10-04,86.0700
2018-10-05,85.1200
2018-10-08,84.2200
2018-10-09,85.1600
2018-10-10,83.8200
2018-10-11,81.3500
2018-10-12,80.7100
2018-10-15,80.9100
2018-10-16,80.5300
2018-10-17,79.9100
2018-10-18,80.3000
2018-10-19,80.3800
2018-10-22,80.4500
2018-10-23,78.6700
2018-10-24,77.3400
2018-10-25,77.3000
2018-10-26,77.4000
2018-10-29,77.5600
2018-10-30,75.6800
2018-10-31,74.8400
2018-11-01,71.2500
2018-11-02,71.1100
2018-11-05,72.6800
2018-11-06,70.6400
2018-11-07,70.1000
2018-11-08,69.2900
2018-11-09,69.0100
2018-11-12,69.8100
2018-11-13,65.4500
2018-11-14,64.8800
2018-11-15,65.6100
2018-11-16,65.2900
2018-11-19,64.1400
2018-11-20,61.5000
2018-11-21,61.6500
2018-11-22,61.1100
2018-11-23,57.6900
2018-11-26,59.7000
2018-11-27,59.5800
2018-11-28,57.9700
2018-11-29,58.2900
2018-11-30,57.7100
2018-12-03,60.1700
2018-12-04,61.2200
2018-12-05,61.4000
2018-12-06,57.8300
2018-12-07,61.7100
2018-12-10,60.2900
2018-12-11,59.7300
2018-12-12,59.9400
2018-12-13,59.0300
2018-12-14,58.5600
2018-12-17,57.5900
2018-12-18,55.2600
2018-12-19,55.6000
2018-12-20,52.8400
2018-12-21,51.9300
2018-12-27,51.4900
2018-12-28,50.5700
2019-01-02,54.0600
2019-01-03,53.2300
2019-01-04,55.6400
2019-01-07,57.1000
2019-01-08,56.9100
2019-01-09,59.4600
2019-01-10,60.4700
2019-01-11,59.2400
2019-01-14,58.8000
2019-01-15,58.6500
2019-01-16,59.8100
2019-01-17,59.8500
2019-01-18,62.0400
2019-01-21,62.1800
2019-01-22,60.9000
2019-01-23,61.0500
2019-01-24,61.0900
2019-01-25,61.4900
2019-01-28,59.7100
2019-01-29,60.9800
2019-01-30,61.8900
2019-01-31,62.4600
2019-02-01,61.8600
2019-02-04,62.2600
2019-02-05,61.6700
2019-02-06,62.2200
2019-02-07,61.0100
2019-02-08,61.3700
2019-02-11,61.3000
2019-02-12,62.5800
2019-02-13,63.2700
2019-02-14,64.0000
2019-02-15,65.6500
2019-02-18,66.4100
2019-02-19,65.8600
2019-02-20,66.8200
2019-02-21,66.9100
2019-02-22,66.9100
2019-02-25,64.0200
2019-02-26,64.5100
2019-02-27,65.5500
2019-02-28,65.0300
2019-03-01,63.7100
2019-03-04,64.4400
2019-03-05,64.2400
2019-03-06,64.5100
2019-03-07,64.8200
2019-03-08,65.6600
2019-03-11,65.0600
2019-03-12,65.3300
2019-03-13,65.8900
2019-03-14,66.1800
2019-03-15,66.1100
2019-03-18,66.6500
2019-03-19,67.1300
2019-03-20,68.3500
2019-03-21,68.3000
2019-03-22,66.2900
2019-03-25,67.3700
2019-03-26,67.5100
2019-03-27,67.3500
2019-03-28,66.0800
2019-03-29,67.9300
2019-04-01,69.0800
2019-04-02,69.6800
2019-04-03,69.2100
2019-04-04,69.8000
2019-04-05,69.9300
2019-04-08,71.1200
2019-04-09,71.0200
2019-04-10,71.6300
2019-04-11,71.3000
2019-04-12,71.5700
2019-04-15,70.9000
2019-04-16,70.7400
2019-04-17,71.1400
2019-04-18,70.7100
2019-04-23,74.3900
2019-04-24,73.5900
2019-04-25,74.9400
2019-04-26,71.0300
2019-04-29,71.2200
2019-04-30,72.1900
2019-05-01,72.0100
2019-05-02,70.5600
2019-05-03,71.9500
2019-05-06,71.9500
2019-05-07,70.9800
2019-05-08,71.0900
2019-05-09,70.6100
2019-05-10,71.6300
2019-05-13,72.3500
2019-05-14,72.5300
2019-05-15,73.0900
2019-05-16,74.7000
2019-05-17,73.9400
2019-05-20,73.2100
2019-05-21,72.9400
2019-05-22,71.9400
2019-05-23,68.3700
2019-05-24,67.9800
2019-05-28,70.1900
2019-05-29,70.6400
2019-05-30,69.5500
2019-05-31,66.7800
2019-06-03,63.1600
2019-06-04,63.5600
2019-06-05,62.1400
2019-06-06,62.7700
2019-06-07,64.1000
2019-06-10,64.3100
2019-06-11,63.5600
2019-06-12,61.6600
2019-06-13,63.2800
2019-06-14,63.1300
2019-06-17,62.5600
2019-06-18,63.3500
2019-06-19,62.8500
2019-06-20,65.4400
2019-06-21,65.9900
2019-06-24,65.1600
2019-06-25,66.2400
2019-06-26,66.8500
2019-06-27,66.7800
2019-06-28,67.5200
2019-07-01,65.1000
2019-07-02,62.7200
2019-07-03,63.5300
2019-07-04,63.6200
2019-07-05,64.2300
2019-07-08,64.8900
2019-07-09,64.3000
2019-07-10,66.4100
2019-07-11,67.6400
2019-07-12,66.6500
2019-07-15,66.8600
2019-07-16,65.8700
2019-07-17,63.6700
2019-07-18,60.7000
2019-07-19,61.0400
2019-07-22,61.9600
2019-07-23,62.2800
2019-07-24,63.8300
2019-07-25,63.4700
2019-07-26,62.4600
2019-07-29,62.2900
2019-07-30,62.5500
2019-07-31,64.0700
2019-08-01,62.9000
2019-08-02,61.1200
2019-08-05,59.3200
2019-08-06,58.6300
2019-08-07,55.0300
2019-08-08,56.2900
2019-08-09,57.3700
2019-08-12,57.1300
2019-08-13,59.9000
2019-08-14,57.8600
2019-08-15,57.3700
2019-08-16,59.0000
2019-08-19,59.7900
2019-08-20,59.0300
2019-08-21,60.6000
2019-08-22,59.8100
2019-08-23,58.6400
2019-08-26,58.6400
2019-08-27,58.4400
2019-08-28,60.4200
2019-08-29,60.5900
2019-08-30,61.0400
2019-09-02,58.5500
2019-09-03,57.9300
2019-09-04,60.6800
2019-09-05,62.7000
2019-09-06,61.2800
2019-09-09,63.9900
2019-09-10,64.6700
2019-09-11,63.0200
2019-09-12,60.7600
2019-09-13,61.2500
2019-09-16,68.4200
2019-09-17,65.5900
2019-09-18,64.2900
2019-09-19,64.2500
2019-09-20,65.2300
2019-09-23,64.6600
2019-09-24,64.1300
2019-09-25,62.4100
2019-09-26,62.0800
2019-09-27,62.4800
2019-09-30,60.9900
2019-10-01,60.0600
2019-10-02,57.9200
2019-10-03,58.0100
2019-10-04,59.1300
2019-10-07,59.4600
2019-10-08,58.1400
2019-10-09,59.7000
2019-10-10,59.0800
2019-10-11,60.5900
2019-10-14,58.8100
2019-10-15,59.1900
2019-10-16,59.3000
2019-10-17,59.3500
2019-10-18,59.9600
2019-10-21,58.9500
2019-10-22,60.5000
2019-10-23,60.5200
2019-10-24,61.7100
2019-10-25,62.0600
2019-10-28,60.3900
2019-10-29,61.0500
2019-10-30,60.2200
2019-10-31,59.3000
2019-11-01,60.1700
2019-11-04,62.5200
2019-11-05,62.7200
2019-11-06,62.1100
2019-11-07,62.6000
2019-11-08,62.0000
2019-11-11,62.5800
2019-11-12,62.1900
2019-11-13,62.2700
2019-11-14,62.4600
2019-11-15,63.3200
2019-11-18,62.8200
2019-11-19,62.3700
2019-11-20,63.8000
2019-11-21,64.9900
2019-11-22,64.8300
2019-11-25,64.6700
2019-11-26,64.8200
2019-11-27,65.0300
2019-11-28,64.6800
2019-11-29,64.5000
2019-12-02,63.2000
2019-12-03,62.9500
2019-12-04,65.2500
2019-12-05,65.6700
2019-12-06,66.5000
2019-12-09,66.4400
2019-12-10,66.5700
2019-12-11,65.3700
2019-12-12,66.6700
2019-12-13,67.4400
2019-12-16,68.0400
2019-12-17,68.9900
2019-12-18,69.1200
2019-12-19,69.7000
2019-12-20,68.6600
2019-12-23,67.4900
2019-12-24,69.2600
2019-12-26,69.2600
2019-12-27,68.9100
2019-12-30,68.3000
2019-12-31,67.7700
2020-01-02,67.0500
2020-01-03,69.0800
2020-01-06,70.2500
2020-01-07,68.7400
2020-01-08,67.3100
2020-01-09,66.5800
2020-01-10,66.7700
2020-01-13,64.1400
2020-01-14,64.4500
2020-01-15,63.2900
2020-01-16,64.6300
2020-01-17,64.0500
2020-01-20,64.6300
2020-01-21,63.6600
2020-01-22,62.1100
2020-01-23,61.2600
2020-01-24,59.3400
2020-01-27,58.5400
2020-01-28,59.3700
2020-01-29,59.4600
2020-01-30,57.7200
2020-01-31,57.7700
2020-02-03,54.0000
2020-02-04,53.9000
2020-02-05,55.3600
2020-02-06,55.1800
2020-02-07,54.5300
2020-02-10,53.3900
2020-02-11,54.0000
2020-02-12,55.5400
2020-02-13,56.3400
2020-02-14,57.3700
2020-02-17,57.8300
2020-02-18,57.3500
2020-02-19,59.7200
2020-02-20,59.5700
2020-02-21,58.6000
2020-02-24,56.7100
2020-02-25,55.2900
2020-02-26,54.9600
2020-02-27,52.1900
2020-02-28,51.3100
2020-03-02,52.5200
2020-03-03,52.2400
2020-03-04,51.8600
2020-03-05,51.2900
2020-03-06,45.6000
2020-03-09,35.3300
2020-03-10,35.5700
2020-03-11,34.4500
2020-03-12,31.0200
2020-03-13,32.2500
2020-03-16,27.9800
2020-03-17,27.9700
2020-03-18,22.7900
2020-03-19,23.9800
2020-03-20,25.5500
2020-03-23,23.7500
2020-03-24,24.5000
2020-03-25,25.6200
2020-03-26,23.5500
2020-03-27,22.3900
2020-03-30,19.1900
2020-03-31,14.8500
2020-04-01,14.9700
2020-04-02,20.2400
2020-04-03,24.3300
2020-04-06,22.5800
2020-04-07,22.1000
2020-04-08,25.2200
2020-04-09,20.2300
2020-04-14,21.7400
2020-04-15,19.8000
2020-04-16,18.6900
2020-04-17,19.7500
2020-04-20,17.3600
2020-04-21,9.1200
2020-04-22,13.7700
2020-04-23,15.0600
2020-04-24,15.8700
2020-04-27,15.1700
2020-04-28,15.6000
2020-04-29,17.8600
2020-04-30,18.1100
2020-05-01,18.4900
2020-05-04,20.4000
2020-05-05,25.4600
2020-05-06,24.2000
2020-05-07,24.2300
2020-05-11,25.5300
2020-05-12,26.6700
2020-05-13,27.8900
2020-05-14,29.8700
2020-05-15,30.9500
2020-05-18,33.3000
2020-05-19,33.0600
2020-05-20,34.7600
2020-05-21,34.7800
2020-05-22,33.8000
2020-05-26,33.9500
2020-05-27,32.7300
2020-05-28,33.9800
2020-05-29,34.1500
2020-06-01,36.7400
2020-06-02,37.7200
2020-06-03,37.9800
2020-06-04,38.4100
2020-06-05,41.0000
2020-06-08,39.6600
2020-06-09,40.4500
2020-06-10,41.1800
2020-06-11,37.7600
2020-06-12,38.5400
2020-06-15,39.4400
2020-06-16,40.7500
2020-06-17,40.4700
2020-06-18,41.7500
2020-06-19,42.3300
2020-06-22,43.2000
2020-06-23,42.7200
2020-06-24,40.4000
2020-06-25,41.1800
2020-06-26,40.9700
2020-06-29,41.5800
2020-06-30,41.6400
2020-07-01,42.1800
2020-07-02,43.1900
2020-07-03,42.9200
2020-07-06,42.7300
2020-07-07,43.2800
2020-07-08,43.6700
2020-07-09,42.3500
2020-07-10,43.2700
2020-07-13,42.8500
2020-07-14,42.9700
2020-07-15,43.9600
2020-07-16,43.7100
2020-07-17,43.5300
2020-07-20,43.3000
2020-07-21,44.3100
2020-07-22,43.9800
2020-07-23,42.9600
2020-07-24,43.2900
2020-07-27,43.3900
2020-07-28,43.1100
2020-07-29,43.5100
2020-07-30,42.9800
2020-07-31,43.1300
2020-08-03,43.7600
2020-08-04,43.9900
2020-08-05,44.9200
2020-08-06,45.0400
2020-08-07,44.0700
2020-08-10,44.1900
2020-08-11,43.6800
2020-08-12,45.0900
2020-08-13,44.8700
2020-08-14,44.8600
2020-08-17,44.9100
2020-08-18,45.3400
2020-08-19,45.2100
2020-08-20,44.5600
2020-08-21,43.9400
2020-08-24,44.4300
2020-08-25,46.0100
2020-08-26,45.7900
2020-08-27,44.8400
2020-08-28,45.2200
2020-09-01,45.7200
2020-09-02,42.7000
2020-09-03,42.7200
2020-09-04,41.1000
2020-09-07,40.6700
2020-09-08,38.5300
2020-09-09,39.9800
2020-09-10,39.2700
2020-09-11,38.8000
2020-09-14,38.5700
2020-09-15,39.5400
2020-09-16,41.2300
2020-09-17,42.3500
2020-09-18,42.1600
2020-09-21,40.3700
2020-09-22,40.8400
2020-09-23,41.0900
2020-09-24,41.2400
2020-09-25,40.9100
2020-09-28,41.5900
2020-09-29,40.3300
2020-09-30,40.3000
2020-10-01,39.7500
2020-10-02,38.0000
2020-10-05,39.7800
2020-10-06,41.2700
2020-10-07,40.6200
2020-10-08,42.0000
2020-10-09,41.6300
2020-10-12,40.5000
2020-10-13,41.3400
2020-10-14,41.8100
2020-10-15,41.6100
2020-10-16,41.3400
2020-10-19,41.2900
2020-10-20,41.6200
2020-10-21,40.0900
2020-10-22,41.2800
2020-10-23,40.7100
2020-10-26,39.0600
2020-10-27,39.7200
2020-10-28,37.8600
2020-10-29,36.5600
2020-10-30,36.3300
2020-11-02,37.7800
2020-11-03,38.1700
2020-11-04,39.6800
2020-11-05,39.4700
2020-11-06,38.0800
2020-11-09,40.9300
2020-11-10,42.2500
2020-11-11,42.5000
2020-11-12,42.1600
2020-11-13,41.5100
2020-11-16,42.7100
2020-11-17,42.5400
2020-11-18,42.9100
2020-11-19,43.0900
2020-11-20,43.7900
2020-11-23,45.0000
2020-11-24,46.6300
2020-11-25,47.3000
2020-11-26,46.3200
2020-11-27,46.8800
2020-11-30,46.8400
2020-12-01,47.0300
2020-12-02,47.8000
2020-12-03,48.3700
2020-12-04,49.1000
2020-12-07,48.6300
2020-12-08,48.8400
2020-12-09,48.8100
2020-12-10,50.3300
2020-12-11,50.0100
2020-12-14,50.2700
2020-12-15,50.7700
2020-12-16,50.8300
2020-12-17,51.2000
2020-12-18,52.1700
2020-12-21,50.6100
2020-12-22,49.8800
2020-12-23,51.0500
2020-12-24,50.8800
2020-12-28,50.8800
2020-12-29,50.4400
2020-12-30,50.7400
2020-12-31,51.2200
2021-01-04,50.3700
2021-01-05,53.1600
2021-01-06,53.8000
2021-01-07,53.7000
2021-01-08,55.5100
2021-01-11,54.8400
2021-01-12,55.9800
2021-01-13,55.5200
2021-01-14,55.7600
2021-01-15,54.8000
2021-01-18,54.2100
2021-01-19,55.3800
2021-01-20,55.6600
2021-01-21,55.6800
2021-01-22,55.2200
2021-01-25,55.4400
2021-01-26,55.2600
2021-01-27,55.0700
2021-01-28,54.8700
2021-01-29,55.2500
2021-02-01,56.4200
2021-02-02,57.6200
2021-02-03,58.6100
2021-02-04,58.9800
2021-02-05,59.4800
2021-02-08,60.1700
2021-02-09,60.7400
2021-02-10,61.1700
2021-02-11,61.0900
2021-02-12,62.4700
2021-02-15,63.5800
2021-02-16,63.9600
2021-02-17,65.0200
2021-02-18,64.0900
2021-02-19,62.8400
2021-02-22,64.7300
2021-02-23,65.1600
2021-02-24,66.8500
2021-02-25,66.6900
2021-02-26,65.8600
2021-03-01,64.5600
2021-03-02,63.1700
2021-03-03,64.7000
2021-03-04,67.3200
2021-03-05,69.9500
2021-03-08,68.0000
2021-03-09,67.0300
2021-03-10,67.5300
2021-03-11,69.3400
2021-03-12,68.8700
2021-03-15,68.7800
2021-03-16,67.9500
2021-03-17,67.7300
2021-03-18,62.1100
2021-03-19,64.0000
2021-03-22,63.8900
2021-03-23,59.9600
2021-03-24,63.7000
2021-03-25,61.2100
2021-03-26,63.7700
2021-03-29,64.0600
2021-03-30,63.2800
2021-03-31,63.5200
2021-04-01,63.8500
2021-04-06,61.4700
2021-04-07,61.8600
2021-04-08,62.0900
2021-04-09,61.8900
2021-04-12,62.3800
2021-04-13,62.8300
2021-04-14,66.1100
2021-04-15,66.1300
2021-04-16,65.9800
2021-04-19,66.5400
2021-04-20,65.3400
2021-04-21,64.0200
2021-04-22,65.0700
2021-04-23,65.7500
2021-04-26,65.5000
2021-04-27,66.2500
2021-04-28,67.0800
2021-04-29,68.2600
2021-04-30,67.7300
2021-05-04,68.9100
2021-05-05,69.7100
2021-05-06,68.6200
2021-05-07,68.7300
2021-05-10,68.6100
2021-05-11,68.8300
2021-05-12,69.6200
2021-05-13,67.3600
2021-05-14,69.2400
2021-05-17,69.6200
2021-05-18,69.0100
2021-05-19,66.8800
2021-05-20,65.1800
2021-05-21,66.7200
2021-05-24,68.5900
2021-05-25,68.8000
2021-05-26,68.9300
2021-05-27,69.4300
2021-05-28,69.3600
2021-06-01,70.0300
2021-06-02,70.6000
2021-06-03,70.7100
2021-06-04,71.3000
2021-06-07,70.8900
2021-06-08,71.3900
2021-06-09,71.3100
2021-06-10,71.6500
2021-06-11,72.0500
2021-06-14,72.2700
2021-06-15,73.3800
2021-06-16,73.8800
2021-06-17,72.9200
2021-06-18,73.1000
2021-06-21,74.4900
2021-06-22,74.9200
2021-06-23,75.2200
2021-06-24,75.9500
2021-06-25,76.4500
2021-06-28,74.7800
2021-06-29,75.3800
2021-06-30,76.9400
2021-07-01,76.6900
2021-07-02,77.5100
2021-07-05,78.3400
2021-07-06,75.8100
2021-07-07,74.3100
2021-07-08,75.0700
2021-07-09,77.1400
2021-07-12,76.7700
2021-07-13,77.5000
2021-07-14,75.7400
2021-07-15,74.5300
2021-07-16,74.4600
2021-07-19,69.3300
2021-07-20,70.0300
2021-07-21,72.5400
2021-07-22,74.2500
2021-07-23,74.8600
2021-07-26,74.7900
2021-07-27,74.8700
2021-07-28,75.0900
2021-07-29,76.3000
2021-07-30,77.7200
2021-08-02,73.9100
2021-08-03,73.2400
2021-08-04,70.9900
2021-08-05,72.1400
2021-08-06,71.0200
2021-08-09,69.6500
2021-08-10,71.1400
2021-08-11,71.9900
2021-08-12,71.7900
2021-08-13,70.9000
2021-08-16,70.0700
2021-08-17,69.4000
2021-08-18,68.6100
2021-08-19,66.8000
2021-08-20,65.5100
2021-08-23,69.0700
2021-08-24,71.2100
2021-08-25,72.1200
2021-08-26,70.4200
2021-08-27,72.2600
2021-08-31,73.4500
2021-09-01,71.9900
2021-09-02,73.5600
2021-09-03,73.0700
2021-09-06,72.4300
2021-09-07,71.5200
2021-09-08,72.3600
2021-09-09,71.3200
2021-09-10,72.4400
2021-09-13,72.9700
2021-09-14,73.0500
2021-09-15,74.8400
2021-09-16,75.1400
2021-09-17,74.6400
2021-09-20,73.5900
2021-09-21,73.6500
2021-09-22,75.5000
2021-09-23,76.4400
2021-09-24,77.4200
2021-09-27,78.8500
2021-09-28,78.3000
2021-09-29,77.8600
2021-09-30,77.8100
2021-10-01,79.4000
2021-10-04,81.4400
2021-10-05,82.7200
2021-10-06,81.3900
2021-10-07,82.3400
2021-10-08,82.1700
2021-10-11,83.7500
2021-10-12,83.5300
2021-10-13,83.5300
2021-10-14,83.8600
2021-10-15,84.6700
2021-10-18,84.1300
2021-10-19,85.0200
2021-10-20,85.7600
2021-10-21,84.5800
2021-10-22,85.4300
2021-10-25,84.8500
2021-10-26,85.1100
2021-10-27,84.1200
2021-10-28,83.4000
2021-10-29,83.1000
2021-11-01,84.5100
2021-11-02,84.4200
2021-11-03,81.1000
2021-11-04,80.1500
2021-11-05,82.4300
2021-11-08,83.2200
2021-11-09,84.5200
2021-11-10,82.9100
2021-11-11,83.4000
2021-11-12,82.9000
2021-11-15,81.9400
2021-11-16,82.8500
2021-11-17,80.6700
2021-11-18,82.4500
2021-11-19,80.2400
2021-11-22,80.9700
2021-11-23,83.4300
2021-11-24,82.3700
2021-11-25,82.0500
2021-11-26,72.3700
2021-11-29,73.3400
2021-11-30,70.8600
2021-12-01,69.5300
2021-12-02,70.5600
2021-12-03,70.7100
2021-12-06,73.3800
2021-12-07,75.5400
2021-12-08,75.9400
2021-12-09,74.1000
2021-12-10,74.9800
2021-12-13,74.1200
2021-12-14,73.3700
2021-12-15,73.7100
2021-12-16,74.6400
2021-12-17,72.9700
2021-12-20,70.5100
2021-12-21,72.8500
2021-12-22,74.6900
2021-12-23,76.2600
2021-12-24,75.2400
2021-12-29,78.6300
2021-12-30,78.6100
2021-12-31,77.2400
2022-01-03,78.2500
2022-01-04,79.3900
2022-01-05,80.6000
2022-01-06,81.9900
2022-01-07,82.2800
2022-01-10,81.5600
2022-01-11,84.9800
2022-01-12,85.8300
2022-01-13,85.8000
2022-01-14,87.1700
2022-01-17,87.8200
2022-01-18,88.8300
2022-01-19,89.6400
2022-01-20,89.7500
2022-01-21,89.7500
2022-01-24,87.7400
2022-01-25,89.4900
2022-01-26,91.2200
2022-01-27,90.7000
2022-01-28,91.4700
2022-01-31,92.3500
2022-02-01,90.2400
2022-02-02,91.4300
2022-02-03,92.9900
2022-02-04,96.8600
2022-02-07,97.2800
2022-02-08,96.0700
2022-02-09,94.9500
2022-02-10,96.3700
2022-02-11,97.5000
2022-02-14,101.6600
2022-02-15,98.4300
2022-02-16,97.4400
2022-02-17,95.2800
2022-02-18,96.1800
2022-02-21,98.9500
2022-02-22,98.7300
2022-02-23,99.2900
2022-02-24,101.2900
2022-02-25,98.5600
2022-02-28,103.0800
2022-03-01,110.9300
2022-03-02,118.9400
2022-03-03,115.3600
2022-03-04,123.8600
2022-03-07,129.0200
2022-03-08,133.1800
2022-03-09,116.5800
2022-03-10,114.5400
2022-03-11,118.1100
2022-03-14,110.3900
2022-03-15,105.1400
2022-03-16,104.6100
2022-03-17,113.5000
2022-03-18,114.3200
2022-03-21,122.2900
2022-03-22,121.5300
2022-03-23,127.5200
2022-03-24,123.9800
2022-03-25,122.6700
2022-03-28,114.5000
2022-03-29,112.7900
2022-03-30,115.5900
2022-03-31,107.2900
2022-04-01,106.1300
2022-04-04,108.1500
2022-04-05,106.6000
2022-04-06,100.8100
2022-04-07,99.8300
2022-04-08,101.2600
2022-04-11,97.9200
2022-04-12,104.4200
2022-04-13,108.4900
2022-04-14,110.8300
2022-04-19,105.4900
2022-04-20,105.0500
2022-04-21,107.2000
2022-04-22,105.1500
2022-04-25,99.2700
2022-04-26,102.8900
2022-04-27,103.3000
2022-04-28,105.7800
2022-04-29,108.3600
2022-05-02,108.3600
2022-05-03
2022-05-04
2022-05-05
2022-05-06
2022-05-07
2022-05-08
2022-05-09
2022-05-10
2022-05-11
2022-05-12
2022-05-13
2022-05-14
2022-05-15
2022-05-16
2022-05-17
2022-05-18
2022-05-19
2022-05-20
2022-05-21
2022-05-22
2022-05-23
