Country Name,1960,1961,1962,1963,1964,1965,1966,1967,1968,1969,1970,1971,1972,1973,1974,1975,1976,1977,1978,1979,1980,1981,1982,1983,1984,1985,1986,1987,1988,1989,1990,1991,1992,1993,1994,1995,1996,1997,1998,1999,2000,2001,2002,2003,2004,2005,2006,2007,2008,2009,2010,2011,2012,2013,2014
Aruba,,,,,,,,,,,,,,,,,,,,,,,,,,,,,,,,,,,,,,,,,,,,,,,,,,,,,,,
Africa Eastern and Southern,,,,,,,,,,,,0.0,0.0,0.0,0.0,0.0,0.0,0.0,0.0,0.0,0.0,0.0,0.0,0.0,2.2217039051725,2.86122253790373,4.58202759288208,3.12990131039652,5.08910321514274,5.20978298427521,3.86551625192215,4.13946484368526,4.24924944108963,3.20034851456113,4.14806637704994,4.67747743752098,4.60238276021156,4.76645148013619,5.10640258876018,4.81461768918239,4.67971803302343,3.77956391594725,4.02485481937081,4.06813098459341,4.090780740852,3.39505265286809,2.9028000440997,3.15222857040882,3.67162709653208,3.66470184777025,3.30530812510706,3.60778936880686,3.2118030396667,3.731343775564,3.57885778121873
Afghanistan,,,,,,,,,,,,,,,,,,,,,,,,,,,,,,,,,,,,,,,,,,,,,,,,,,,,,,,
Africa Western and Central,,,,,,,,,,,,0.0,0.0,0.0,0.0,0.0,0.0,0.0,0.0,0.0,0.0,0.0,0.0,0.0,0.0,0.0,0.0,0.0,0.0,0.0,0.0,0.0,0.0,0.0,0.0,0.0,0.0,0.0,0.0,0.0,0.0,0.0,0.0,0.0,0.0,0.0,0.0,0.0,0.0,0.0,0.0,0.0,0.0,0.0,0.0
Angola,,,,,,,,,,,,0.0,0.0,0.0,0.0,0.0,0.0,0.0,0.0,0.0,0.0,0.0,0.0,0.0,0.0,0.0,0.0,0.0,0.0,0.0,0.0,0.0,0.0,0.0,0.0,0.0,0.0,0.0,0.0,0.0,0.0,0.0,0.0,0.0,0.0,0.0,0.0,0.0,0.0,0.0,0.0,0.0,0.0,0.0,0.0
Albania,,,,,,,,,,,,0.0,0.0,0.0,0.0,0.0,0.0,0.0,0.0,0.0,0.0,0.0,0.0,0.0,0.0,0.0,0.0,0.0,0.0,0.0,0.0,0.0,0.0,0.0,0.0,0.0,0.0,0.0,0.0,0.0,0.0,0.0,0.0,0.0,0.0,0.0,0.0,0.0,0.0,0.0,0.0,0.0,0.0,0.0,0.0
Andorra,,,,,,,,,,,,,,,,,,,,,,,,,,,,,,,,,,,,,,,,,,,,,,,,,,,,,,,
Arab World,,,,,,,,,,,,0.0,0.0,0.0,0.0,0.0,0.0,0.0,0.0,0.0,0.0,0.0,0.0,0.0,0.0,0.0,0.0,0.0,0.0,0.0,0.0,0.0,0.0,0.0,0.0,0.0,0.0,0.0,0.0,0.0,0.0,0.0,0.0,0.0,0.0,0.0,0.0,0.0,0.0,0.0,0.0,0.0,0.0,0.0,0.0
United Arab Emirates,,,,,,,,,,,,0.0,0.0,0.0,0.0,0.0,0.0,0.0,0.0,0.0,0.0,0.0,0.0,0.0,0.0,0.0,0.0,0.0,0.0,0.0,0.0,0.0,0.0,0.0,0.0,0.0,0.0,0.0,0.0,0.0,0.0,0.0,0.0,0.0,0.0,0.0,0.0,0.0,0.0,0.0,0.0,0.0,0.0,0.0,0.0
Argentina,,,,,,,,,,,,0.0,0.0,0.0,3.70661896243292,8.57785502504856,8.51204659782896,5.05044272359856,8.66184123945684,7.15177598894822,5.89331587165668,7.25044414119828,4.68836183121897,7.91805222891426,10.3211315215941,12.7383187893516,11.6543885068261,12.4233747766099,11.0975002871033,9.97604482191998,14.3496255419787,14.4639427111501,12.6715699432723,12.5860724957776,12.7660563969802,10.5439080802805,10.7037281519961,11.0113696091178,10.0699886504891,8.83094933326705,6.94747497469351,7.83332408589025,6.8925911453708,8.22123220688906,7.8560375380622,6.51524774625323,7.1966613330339,6.7188009123493,6.027762244663,6.69378849892141,5.72475511523754,4.91760256261819,4.71513784128529,4.46296322926703,4.16672699106716
Armenia,,,,,,,,,,,,,,,,,,,,,,,,,,,,,,,0.0,0.0,0.0,0.0,0.0,5.46664269016364,37.399420663019,26.6545032343672,25.6662897754805,36.3477348259577,33.6522322927157,34.5865970409051,41.348070302591,36.3206689692783,36.5008291873963,42.9950926072503,44.4369634741626,43.2858596134283,42.6516464471404,43.9781343678364,38.3608072716068,34.2934051144011,28.7580886012942,30.609597924773,31.8064516129032
American Samoa,,,,,,,,,,,,,,,,,,,,,,,,,,,,,,,,,,,,,,,,,,,,,,,,,,,,,,,
Antigua and Barbuda,,,,,,,,,,,,,,,,,,,,,,,,,,,,,,,,,,,,,,,,,,,,,,,,,,,,,,,
Australia,0.0,0.0,0.0,0.0,0.0,0.0,0.0,0.0,0.0,0.0,0.0,0.0,0.0,0.0,0.0,0.0,0.0,0.0,0.0,0.0,0.0,0.0,0.0,0.0,0.0,0.0,0.0,0.0,0.0,0.0,0.0,0.0,0.0,0.0,0.0,0.0,0.0,0.0,0.0,0.0,0.0,0.0,0.0,0.0,0.0,0.0,0.0,0.0,0.0,0.0,0.0,0.0,0.0,0.0,0.0
Austria,0.0,0.0,0.0,0.0,0.0,0.0,0.0,0.0,0.0,0.0,0.0,0.0,0.0,0.0,0.0,0.0,0.0,0.0,0.0,0.0,0.0,0.0,0.0,0.0,0.0,0.0,0.0,0.0,0.0,0.0,0.0,0.0,0.0,0.0,0.0,0.0,0.0,0.0,0.0,0.0,0.0,0.0,0.0,0.0,0.0,0.0,0.0,0.0,0.0,0.0,0.0,0.0,0.0,0.0,0.0
Azerbaijan,,,,,,,,,,,,,,,,,,,,,,,,,,,,,,,0.0,0.0,0.0,0.0,0.0,0.0,0.0,0.0,0.0,0.0,0.0,0.0,0.0,0.0,0.0,0.0,0.0,0.0,0.0,0.0,0.0,0.0,0.0,0.0,0.0
Burundi,,,,,,,,,,,,,,,,,,,,,,,,,,,,,,,,,,,,,,,,,,,,,,,,,,,,,,,
Belgium,0.0,0.0,0.0227985180963237,0.249840527322985,0.248163106418179,0.0,0.0264924055104203,0.396775146680174,0.230536659108088,0.0754328818789645,0.186744422238967,0.0,0.029681597409606,0.187122984119168,0.349766034882072,16.6201185751384,21.2974555949324,25.4731272269517,24.7493027947546,21.9766881803294,23.636774594564,25.6917943697429,31.3417903877706,46.4747729857911,51.6725647234122,61.5030484011447,68.3674354835911,67.3335793476343,66.7823554019925,61.6310540245525,60.7778979115689,60.2098727277836,60.8542220977454,59.8375863446937,56.9434126238769,56.2544208063551,57.6752109451942,60.8879927049486,56.2473347547974,58.7973514382362,58.179599627898,58.9546923096492,58.5132012997443,56.6998958844437,56.0881059357699,55.5309244070051,55.3006591738986,55.0989397678457,54.5182632832035,52.5822328129524,51.0950305329681,54.186981823084,49.3684223422894,51.9010758969865,47.1357444547006
Benin,,,,,,,,,,,,,,0.0,0.0,0.0,0.0,0.0,0.0,0.0,0.0,0.0,0.0,0.0,0.0,0.0,0.0,0.0,0.0,0.0,0.0,0.0,0.0,0.0,0.0,0.0,0.0,0.0,0.0,0.0,0.0,0.0,0.0,0.0,0.0,0.0,0.0,0.0,0.0,0.0,0.0,0.0,0.0,0.0,0.0
Burkina Faso,,,,,,,,,,,,,,,,,,,,,,,,,,,,,,,,,,,,,,,,,,,,,,,,,,,,,,,
Bangladesh,,,,,,,,,,,,0.0,0.0,0.0,0.0,0.0,0.0,0.0,0.0,0.0,0.0,0.0,0.0,0.0,0.0,0.0,0.0,0.0,0.0,0.0,0.0,0.0,0.0,0.0,0.0,0.0,0.0,0.0,0.0,0.0,0.0,0.0,0.0,0.0,0.0,0.0,0.0,0.0,0.0,0.0,0.0,0.0,0.0,0.0,0.0
Bulgaria,,,,,,,,,,,,0.0,0.0,0.0,4.06910462159081,10.1200618140032,17.9803221969943,19.8047795355099,18.7666709005462,19.0929312901631,17.6977178125449,24.6646110570161,26.5602214587607,28.8829487900957,28.5077901146132,31.5406418139892,28.8617886178862,28.6062613576243,35.6056062726283,32.8595921313842,34.7998386369569,32.2646958053938,32.4403257511935,36.7739558386188,40.2145123646186,41.3051281437699,42.3307425788932,41.648483142113,40.7371694429043,41.5949919776954,44.7227279437091,44.9143198419626,47.9546586354905,40.8240408240408,40.5904504417516,42.4201764759392,42.8398751703222,34.1034538975709,35.3602189126144,35.9972629244237,33.1377534389465,32.6129980209104,33.888662272698,32.9030160904595,33.8120911202506
Bahrain,,,,,,,,,,,,0.0,0.0,0.0,0.0,0.0,0.0,0.0,0.0,0.0,0.0,0.0,0.0,0.0,0.0,0.0,0.0,0.0,0.0,0.0,0.0,0.0,0.0,0.0,0.0,0.0,0.0,0.0,0.0,0.0,0.0,0.0,0.0,0.0,0.0,0.0,0.0,0.0,0.0,0.0,0.0,0.0,0.0,0.0,0.0
Bahamas,,,,,,,,,,,,,,,,,,,,,,,,,,,,,,,,,,,,,,,,,,,,,,,,,,,,,,,
Bosnia and Herzegovina,,,,,,,,,,,,,,,,,,,,,,,,,,,,,,,0.0,0.0,0.0,0.0,0.0,0.0,0.0,0.0,0.0,0.0,0.0,0.0,0.0,0.0,0.0,0.0,0.0,0.0,0.0,0.0,0.0,0.0,0.0,0.0,0.0
Belarus,,,,,,,,,,,,,,,,,,,,,,,,,,,,,,,0.0,0.0,0.0,0.0,0.0,0.0,0.0,0.0,0.0,0.0,0.0,0.0,0.0,0.0,0.0,0.0,0.0,0.0,0.0,0.0,0.0,0.0,0.0,0.0,0.0
Belize,,,,,,,,,,,,,,,,,,,,,,,,,,,,,,,,,,,,,,,,,,,,,,,,,,,,,,,
Bermuda,,,,,,,,,,,,,,,,,,,,,,,,,,,,,,,,,,,,,,,,,,,,,,,,,,,,,,,
Bolivia,,,,,,,,,,,,0.0,0.0,0.0,0.0,0.0,0.0,0.0,0.0,0.0,0.0,0.0,0.0,0.0,0.0,0.0,0.0,0.0,0.0,0.0,0.0,0.0,0.0,0.0,0.0,0.0,0.0,0.0,0.0,0.0,0.0,0.0,0.0,0.0,0.0,0.0,0.0,0.0,0.0,0.0,0.0,0.0,0.0,0.0,0.0
Brazil,,,,,,,,,,,,0.0,0.0,0.0,0.0,0.0,0.0,0.0,0.0,0.0,0.0,0.0,0.0,0.0,0.915881598751324,1.74564492312141,0.0712419852766564,0.478530081492738,0.282860426058517,0.826099321515147,1.00394487054631,0.615248083216357,0.727665348402363,0.175413531447439,0.0211505108809765,0.914002489105627,0.833224617032526,1.0289562377022,1.01476932257543,1.18817146476416,1.73282508383251,4.34662169566647,4.00264991856418,3.66636566494391,2.99675057361796,2.44520920123166,3.27993952358127,2.77436442343765,3.01662610378196,2.77975032234119,2.81592647529302,2.94476612437636,2.90215408668462,2.70532449885834,2.60356792759176
Barbados,,,,,,,,,,,,,,,,,,,,,,,,,,,,,,,,,,,,,,,,,,,,,,,,,,,,,,,
Brunei Darussalam,,,,,,,,,,,,0.0,0.0,0.0,0.0,0.0,0.0,0.0,0.0,0.0,0.0,0.0,0.0,0.0,0.0,0.0,0.0,0.0,0.0,0.0,0.0,0.0,0.0,0.0,0.0,0.0,0.0,0.0,0.0,0.0,0.0,0.0,0.0,0.0,0.0,0.0,0.0,0.0,0.0,0.0,0.0,0.0,0.0,0.0,0.0
Bhutan,,,,,,,,,,,,,,,,,,,,,,,,,,,,,,,,,,,,,,,,,,,,,,,,,,,,,,,
Botswana,,,,,,,,,,,,,,,,,,,,,,0.0,0.0,0.0,0.0,0.0,0.0,0.0,0.0,0.0,0.0,0.0,0.0,0.0,0.0,0.0,0.0,0.0,0.0,0.0,0.0,0.0,0.0,0.0,0.0,0.0,0.0,0.0,0.0,0.0,0.0,0.0,0.0,0.0,0.0
Central African Republic,,,,,,,,,,,,,,,,,,,,,,,,,,,,,,,,,,,,,,,,,,,,,,,,,,,,,,,
Canada,0.0,0.0,0.0,0.0747125975079734,0.109818181818182,0.0869547495635279,0.10664550290795,0.090477401347108,0.508578804784408,0.270693466513837,0.49495971591126,1.92351904360487,2.92978828003429,5.64793524905491,5.18349999118212,4.53659592897358,5.83998390450003,8.18008483787023,9.0992601492533,9.82178162679959,10.1886529610639,10.2614864518773,9.89727609984794,11.9191820121129,11.9470950321503,13.1880464058155,15.2124539466101,15.5690300011285,16.3821223395633,15.9913508318818,15.1370941475933,16.7033459793376,15.488228431284,17.6534483957475,19.4060175678861,17.4719868572602,16.1917096184693,14.3877266387727,12.7323292661431,12.6939519298033,12.0210503371885,13.0040014920818,12.5634192674804,12.7034206214316,15.0678902753119,14.8326253295602,16.0310789935328,14.8712001539903,15.1962599665119,14.777616481723,15.0131819506637,14.7078051678238,14.9001572289999,15.5490082601147,16.1190749922158
Central Europe and the Baltics,,,,,,,,,,,,0.0,0.0011869872915752,0.0859359440271157,0.492114547336556,0.889202774497206,1.64010959988219,1.72379099899607,1.60851917689936,2.25008896500382,2.77037354535124,3.70506877360025,4.22862088800778,5.17216746897035,5.85734663223092,7.3087047285962,8.41984383187537,10.0582500700152,11.5585847563358,11.5182271504131,17.3329712239067,17.4620525954151,17.2917868820927,17.4901759342494,17.2959839563943,17.5595522933799,18.0750934702257,18.6446979582438,18.8887222019817,18.5466662769285,19.1532939139309,19.9996346931879,21.7864385096605,21.4375118028625,21.2833751674448,20.7779875956802,20.4109892194366,19.7194584554492,21.325406790087,22.1216144099006,19.3525988907537,19.6500319964751,20.276552141915,20.0311707124642,20.549931382455
Switzerland,0.0,0.0,0.0,0.0,0.0,0.0,0.0,0.0,0.0,1.81768762953148,5.07821486082356,4.46104999839646,12.0455472254462,17.1388217399571,19.0474907013099,18.0576560645897,21.9990024384837,17.6814120723469,19.8698224852071,25.96502804355,29.7789309807992,29.5751823127677,28.8203702292984,30.0986684548328,37.211179497528,40.6179664007779,39.9373905661379,39.1240751764606,38.1916284057777,42.4863718394761,42.9807972068665,40.3505379368539,40.2112772671148,38.3683864607295,37.2409049220422,39.9932527952705,44.696094291657,40.9875467802297,41.4580123266564,37.6130356908829,39.9945556832618,37.7311492020603,41.6008554189261,42.0290519877676,42.210913645972,40.3900396269186,44.771147161066,42.0310359878987,41.3210812100961,41.5250551197636,39.8761581784049,42.4723317644066,37.3363663046669,37.8201396973225,39.3098627713903
Channel Islands,,,,,,,,,,,,,,,,,,,,,,,,,,,,,,,,,,,,,,,,,,,,,,,,,,,,,,,
Chile,,,,,,,,,,,,0.0,0.0,0.0,0.0,0.0,0.0,0.0,0.0,0.0,0.0,0.0,0.0,0.0,0.0,0.0,0.0,0.0,0.0,0.0,0.0,0.0,0.0,0.0,0.0,0.0,0.0,0.0,0.0,0.0,0.0,0.0,0.0,0.0,0.0,0.0,0.0,0.0,0.0,0.0,0.0,0.0,0.0,0.0,0.0
China,,,,,,,,,,,,0.0,0.0,0.0,0.0,0.0,0.0,0.0,0.0,0.0,0.0,0.0,0.0,0.0,0.0,0.0,0.0,0.0,0.0,0.0,0.0,0.0,0.0,0.191317022086143,1.58966652123093,1.27322370757823,1.32729763756202,1.26931528460552,1.20770877944325,1.20563549305725,1.23453056564026,1.17978404387997,1.51901504324843,2.26831802088703,2.29039955489035,2.12312424963987,1.91360363774157,1.893174151911,1.97260890318803,1.88782902891769,1.76021942226301,1.83533583670166,1.95384626495467,2.05300514092809,2.33928636039921
Cote d'Ivoire,,,,,,,,,,,,0.0,0.0,0.0,0.0,0.0,0.0,0.0,0.0,0.0,0.0,0.0,0.0,0.0,0.0,0.0,0.0,0.0,0.0,0.0,0.0,0.0,0.0,0.0,0.0,0.0,0.0,0.0,0.0,0.0,0.0,0.0,0.0,0.0,0.0,0.0,0.0,0.0,0.0,0.0,0.0,0.0,0.0,0.0,0.0
Cameroon,,,,,,,,,,,,0.0,0.0,0.0,0.0,0.0,0.0,0.0,0.0,0.0,0.0,0.0,0.0,0.0,0.0,0.0,0.0,0.0,0.0,0.0,0.0,0.0,0.0,0.0,0.0,0.0,0.0,0.0,0.0,0.0,0.0,0.0,0.0,0.0,0.0,0.0,0.0,0.0,0.0,0.0,0.0,0.0,0.0,0.0,0.0
Congo Dem. Rep.,,,,,,,,,,,,0.0,0.0,0.0,0.0,0.0,0.0,0.0,0.0,0.0,0.0,0.0,0.0,0.0,0.0,0.0,0.0,0.0,0.0,0.0,0.0,0.0,0.0,0.0,0.0,0.0,0.0,0.0,0.0,0.0,0.0,0.0,0.0,0.0,0.0,0.0,0.0,0.0,0.0,0.0,0.0,0.0,0.0,0.0,0.0
Congo Rep.,,,,,,,,,,,,0.0,0.0,0.0,0.0,0.0,0.0,0.0,0.0,0.0,0.0,0.0,0.0,0.0,0.0,0.0,0.0,0.0,0.0,0.0,0.0,0.0,0.0,0.0,0.0,0.0,0.0,0.0,0.0,0.0,0.0,0.0,0.0,0.0,0.0,0.0,0.0,0.0,0.0,0.0,0.0,0.0,0.0,0.0,0.0
Colombia,,,,,,,,,,,,0.0,0.0,0.0,0.0,0.0,0.0,0.0,0.0,0.0,0.0,0.0,0.0,0.0,0.0,0.0,0.0,0.0,0.0,0.0,0.0,0.0,0.0,0.0,0.0,0.0,0.0,0.0,0.0,0.0,0.0,0.0,0.0,0.0,0.0,0.0,0.0,0.0,0.0,0.0,0.0,0.0,0.0,0.0,0.0
Comoros,,,,,,,,,,,,,,,,,,,,,,,,,,,,,,,,,,,,,,,,,,,,,,,,,,,,,,,
Cabo Verde,,,,,,,,,,,,,,,,,,,,,,,,,,,,,,,,,,,,,,,,,,,,,,,,,,,,,,,
Costa Rica,,,,,,,,,,,,0.0,0.0,0.0,0.0,0.0,0.0,0.0,0.0,0.0,0.0,0.0,0.0,0.0,0.0,0.0,0.0,0.0,0.0,0.0,0.0,0.0,0.0,0.0,0.0,0.0,0.0,0.0,0.0,0.0,0.0,0.0,0.0,0.0,0.0,0.0,0.0,0.0,0.0,0.0,0.0,0.0,0.0,0.0,0.0
Caribbean small states,,,,,,,,,,,,,,,,,,,,,,,,,,,,,,,,,,,,,,,,,,,,,,,,,,,,,,,
Cuba,,,,,,,,,,,,0.0,0.0,0.0,0.0,0.0,0.0,0.0,0.0,0.0,0.0,0.0,0.0,0.0,0.0,0.0,0.0,0.0,0.0,0.0,0.0,0.0,0.0,0.0,0.0,0.0,0.0,0.0,0.0,0.0,0.0,0.0,0.0,0.0,0.0,0.0,0.0,0.0,0.0,0.0,0.0,0.0,0.0,0.0,0.0
Curacao,,,,,,,,,,,,0.0,0.0,0.0,0.0,0.0,0.0,0.0,0.0,0.0,0.0,0.0,0.0,0.0,0.0,0.0,0.0,0.0,0.0,0.0,,,,,,,,,,,,,,,,,,,,,,,,,
Cayman Islands,,,,,,,,,,,,,,,,,,,,,,,,,,,,,,,,,,,,,,,,,,,,,,,,,,,,,,,
Cyprus,,,,,,,,,,,,0.0,0.0,0.0,0.0,0.0,0.0,0.0,0.0,0.0,0.0,0.0,0.0,0.0,0.0,0.0,0.0,0.0,0.0,0.0,0.0,0.0,0.0,0.0,0.0,0.0,0.0,0.0,0.0,0.0,0.0,0.0,0.0,0.0,0.0,0.0,0.0,0.0,0.0,0.0,0.0,0.0,0.0,0.0,0.0
Czech Republic,,,,,,,,,,,,0.0,0.0,0.0,0.0,0.0,0.0,0.0,0.0,0.0,0.0,0.0,0.0,0.353038781310127,2.13532331449056,4.12415478054404,10.1458601458601,17.2052865136022,18.3666490502689,19.0661896792618,20.2100496218143,20.1200703174235,20.7426723335083,21.5279435332629,22.2250766411482,20.1898472967396,20.1338075615374,19.4559073142626,20.3918049022035,20.8185913122087,18.6391628149388,19.8682544386669,24.6568853214027,31.2403400309119,31.4178302900107,30.1814941841305,31.1353910153728,29.8208832778816,31.8758628969326,33.3300666405331,32.8183608402101,32.5931133032175,34.9810236829052,35.7466747279323,35.6362226191595
Germany,0.0,0.0189971108560573,0.0728485987572029,0.0375199324641216,0.0635867837315659,0.0682434600017498,0.149986133357482,0.667764162051371,0.873647602416135,2.19839428604507,2.10317678797555,1.89947104498409,2.75296995209335,3.23385476770526,3.70209159597811,6.28970477108685,7.00792315559426,9.68306759957095,9.79364873854286,11.1349457731734,11.9202727623622,14.0106512848032,15.899288413596,16.3719301189153,20.7293639328105,26.6330490241279,25.0068511133299,26.7170248102144,28.6633924866891,29.0046412162247,27.8404090203597,27.4770167927648,29.7568543974576,29.3358495043896,28.6941289591683,28.7325408116153,29.0573116321131,31.0811279335634,29.2634532699706,30.7674488050747,29.6351821468322,29.4396153198393,28.3256064912347,27.3457885398184,27.3381824727338,26.4785644689834,26.435995018428,22.1780346966763,23.4078943220152,22.8711485068631,22.4321438660162,17.7809653046302,15.9463090691627,15.3710037996982,15.6171515488682
Djibouti,,,,,,,,,,,,,,,,,,,,,,,,,,,,,,,,,,,,,,,,,,,,,,,,,,,,,,,
Dominica,,,,,,,,,,,,,,,,,,,,,,,,,,,,,,,,,,,,,,,,,,,,,,,,,,,,,,,
Denmark,0.0,0.0,0.0,0.0,0.0,0.0,0.0,0.0,0.0,0.0,0.0,0.0,0.0,0.0,0.0,0.0,0.0,0.0,0.0,0.0,0.0,0.0,0.0,0.0,0.0,0.0,0.0,0.0,0.0,0.0,0.0,0.0,0.0,0.0,0.0,0.0,0.0,0.0,0.0,0.0,0.0,0.0,0.0,0.0,0.0,0.0,0.0,0.0,0.0,0.0,0.0,0.0,0.0,0.0,0.0
Dominican Republic,,,,,,,,,,,,0.0,0.0,0.0,0.0,0.0,0.0,0.0,0.0,0.0,0.0,0.0,0.0,0.0,0.0,0.0,0.0,0.0,0.0,0.0,0.0,0.0,0.0,0.0,0.0,0.0,0.0,0.0,0.0,0.0,0.0,0.0,0.0,0.0,0.0,0.0,0.0,0.0,0.0,0.0,0.0,0.0,0.0,0.0,0.0
Algeria,,,,,,,,,,,,0.0,0.0,0.0,0.0,0.0,0.0,0.0,0.0,0.0,0.0,0.0,0.0,0.0,0.0,0.0,0.0,0.0,0.0,0.0,0.0,0.0,0.0,0.0,0.0,0.0,0.0,0.0,0.0,0.0,0.0,0.0,0.0,0.0,0.0,0.0,0.0,0.0,0.0,0.0,0.0,0.0,0.0,0.0,0.0
East Asia & Pacific (excluding high income),,,,,,,,,,,,0.0,0.0,0.0,0.0,0.0,0.0,0.0,0.0,0.0,0.0,0.0,0.0,0.0,0.0,0.0,0.0,0.0,0.0,0.0,0.0,0.0,0.0,0.15263940195613,1.26548931899131,1.00658552431498,1.04239363366005,0.992966598867891,0.947189844546997,0.947497802833406,0.97327077346518,0.935396713624457,1.21661274105925,1.84352767408101,1.88721225928655,1.77186288938422,1.61814687691069,1.61919976607015,1.6910569569422,1.62015724773717,1.51882297202615,1.59934452978225,1.69930248216045,1.79461499269155,2.04151419691363
Early-demographic dividend,,,,,,,,,,,,0.440467895410257,0.387084535703541,0.777384421050877,0.990085932761333,1.40824891408161,1.44479588385117,0.912833706763388,1.146040101777,1.00883764185525,0.878760642468113,0.896710478708176,0.568156002250086,0.944296061136037,1.55038834920961,1.82957804674098,2.05910736989159,1.71840983405515,1.97677823935527,1.75508565475566,1.97122031879427,2.00692755546162,1.95238688423593,1.72580083278665,1.7848977728489,2.10129981854562,2.06396877066285,2.21256188372912,2.157808541163,2.1027039764931,2.10732290040412,2.12707886554246,2.0586977111797,1.99811365524281,1.89943062175028,1.75012165549461,1.68563917217981,1.5841465002257,1.45758510055919,1.60358610419662,1.56926664439427,1.82991041297119,1.71388968790339,1.8980961666594,1.78402603348655
East Asia & Pacific,,,,,,,,,,,,1.19922549367525,1.28688209254086,1.19023263522415,2.40516856824902,2.85656492965698,3.63355781919419,3.183963004245,5.95834610161925,6.93571059406355,8.02634025198462,8.40338500629973,9.63213779178362,10.7473965539016,12.1674827798139,13.8157682543796,14.3600686803625,15.4436914288059,13.7774586535879,13.3300364662527,13.7310296152761,13.7408310288949,13.4356986159498,13.83501604254,14.0704329775233,14.2399342964115,14.2189091639639,14.1920715793491,14.7117446729278,14.0820710496013,13.5013113690376,12.8455045225791,11.8749001698926,10.4442566621812,10.6458984438339,10.6771359909147,9.9000622416161,8.43509297002717,8.3487396498222,8.341544702258,7.73006199606231,5.03498948026547,3.81656886734762,3.55903660837882,3.78600376794627
Europe & Central Asia (excluding high income),,,,,,,,,,,,,,,,,,,,,,,,,,,,,,,10.9416768860292,11.1853492242858,11.7466312189116,12.6128516229393,11.8867952307638,12.4135022955977,14.0694905593712,14.4102378408279,13.9748126603019,14.6694615344243,15.2950026003499,15.483219343174,15.8690362548817,15.8135553254168,15.4175300865067,15.5366898903045,15.3769259259882,15.2712111314309,15.1949615952939,15.5650997991273,15.3912659470591,15.2576287364697,15.2031041169138,14.5002855452791,15.1734666964231
Europe & Central Asia,,,,,,,,,,,,2.08619254288957,2.58787969683171,2.64422459003636,3.02701296437614,3.99326133090709,4.33995581056382,5.00113082994389,5.36231931181738,5.72552458905139,6.59083060863282,8.83050633954029,9.61905641080402,10.9674188621133,13.3535592204756,15.3608951747258,16.2794330644597,16.2582418493818,17.0580641320986,17.6035750291408,22.1772086061523,22.7547184764897,23.5064204238426,24.7912233099873,24.5595534730667,24.8660033721931,26.0428436511422,26.2242806874355,25.6031743893704,25.769671415628,25.3371454356137,25.7063308249505,25.907752680618,25.6048394540903,25.2754666193407,24.727069695198,24.307960698133,23.0586416401632,22.8730268446139,23.0223587783094,22.6574604041449,22.6477403813689,22.0007827198365,21.8186747890582,22.3703401934369
Ecuador,,,,,,,,,,,,0.0,0.0,0.0,0.0,0.0,0.0,0.0,0.0,0.0,0.0,0.0,0.0,0.0,0.0,0.0,0.0,0.0,0.0,0.0,0.0,0.0,0.0,0.0,0.0,0.0,0.0,0.0,0.0,0.0,0.0,0.0,0.0,0.0,0.0,0.0,0.0,0.0,0.0,0.0,0.0,0.0,0.0,0.0,0.0
Egypt Arab Rep.,,,,,,,,,,,,0.0,0.0,0.0,0.0,0.0,0.0,0.0,0.0,0.0,0.0,0.0,0.0,0.0,0.0,0.0,0.0,0.0,0.0,0.0,0.0,0.0,0.0,0.0,0.0,0.0,0.0,0.0,0.0,0.0,0.0,0.0,0.0,0.0,0.0,0.0,0.0,0.0,0.0,0.0,0.0,0.0,0.0,0.0,0.0
Euro area,0.0416543018070377,0.0782310378332022,0.140972196535891,0.20168996413298,0.6655983125427,0.909368498289966,1.0449179732813,1.27475856688957,1.27852406745554,1.83691354751699,2.04732814488337,2.51759582697571,3.50942435787012,3.75376928935856,4.16033251732709,6.14836610048626,6.21386467203337,7.46787592844857,8.56983712863635,9.59544839982221,11.4084031997342,16.263342601163,17.7661118193792,20.8991002497573,26.2612580536487,30.5175971298623,32.330355899615,32.4178115810965,33.5924300890702,34.7356065277461,35.4995607992423,35.4774558834236,36.3420080509231,37.6981737119692,36.1151427455946,36.4133442329235,36.9365519521637,37.0684737119602,35.7381475897781,35.8885781544349,35.8575530887109,35.5892353746016,35.6645028301804,34.7337998391196,34.3073028396508,33.7891869790303,33.2746180281774,31.3690984711518,31.569902867001,31.0679126877902,30.66085386228,30.5313703488211,29.2165841133882,29.0527878168844,30.099439847197
Eritrea,,,,,,,,,,,,,,,,,,,,,,,,,,,,,,,,,0.0,0.0,0.0,0.0,0.0,0.0,0.0,0.0,0.0,0.0,0.0,0.0,0.0,0.0,0.0,0.0,0.0,0.0,0.0,0.0,0.0,0.0,0.0
Spain,0.0,0.0,0.0,0.0,0.0,0.0,0.0,0.0,0.181179192770295,1.59312783457606,1.63934426229508,4.09677681253552,6.99550909224766,8.65054189796458,9.0201808282132,9.18901800287461,8.46546024987394,7.03859141861494,7.78223180856259,6.3990525581884,4.74795378389761,8.69849812720462,7.72734480996599,9.24006309695089,19.5468477469392,22.3250037813353,29.2120285741024,31.123026107416,36.4154592160711,38.1290760869565,35.8901101808129,35.9149332144311,35.5979578813019,36.0655948635799,34.3768256454239,33.4881277325539,32.4921408588816,29.2354623652503,30.5043641929346,28.5915554540729,28.1575766903101,27.3346290980705,26.2657502386242,24.0465891734969,22.9913392999147,19.8790789269118,20.3415634240245,18.2557588648253,18.9637209063021,18.0769454789649,20.7796996513811,19.7981017586345,20.9122888188826,20.1552701238253,20.8420470705476
Estonia,,,,,,,,,,,,,,,,,,,,,,,,,,,,,,,0.0,0.0,0.0,0.0,0.0,0.0,0.0,0.0,0.0,0.0,0.0,0.0,0.0,0.0,0.0,0.0,0.0,0.0,0.0,0.0,0.0,0.0,0.0,0.0,0.0
Ethiopia,,,,,,,,,,,,0.0,0.0,0.0,0.0,0.0,0.0,0.0,0.0,0.0,0.0,0.0,0.0,0.0,0.0,0.0,0.0,0.0,0.0,0.0,0.0,0.0,0.0,0.0,0.0,0.0,0.0,0.0,0.0,0.0,0.0,0.0,0.0,0.0,0.0,0.0,0.0,0.0,0.0,0.0,0.0,0.0,0.0,0.0,0.0
European Union,0.0310403611400789,0.0581655818417465,0.104943828248492,0.151187108526084,0.498018676001468,0.682169104803697,0.786593231589375,0.956872805138099,0.957148855212748,1.38125084333939,1.56486419688323,1.92534229832009,2.7861912639251,3.02244937889975,3.3948843024185,5.65487503827698,6.06490566170143,7.24188441433734,8.23309500061717,8.86302233731664,10.4737225942669,14.9646205788969,16.2149944223426,18.7335137899099,23.1934131130324,26.8292840222249,28.8053137799272,29.0289491021544,30.3941325615753,31.2347321861271,32.2766200639765,32.5960534558363,32.8713917244696,33.8124176915572,33.15220525019,33.1309276159332,33.6122126243322,33.7647189424081,32.850372371101,33.1082921878964,32.6797236590437,32.8305354428192,33.1070059254096,32.3202676901711,32.2630505543812,31.6403446420294,31.0723706722403,29.4936187536687,29.7848738737617,29.2704978325102,28.9023617221203,28.842524342305,27.9511574813558,27.9701766351956,28.7723814599272
Fragile and conflict affected situations,,,,,,,,,,,,0.0,0.0,0.0,0.0,0.0,0.0,0.0,0.0,0.0,0.0,0.0,0.0,0.0,0.0,0.0,0.0,0.0,0.0,0.0,0.0,0.0,0.0,0.0,0.0,0.138271060696943,1.01861158005467,0.684395860249157,0.640205565358913,0.814042360390413,0.749808838905878,0.70654473193563,0.76648516348099,0.672016244589868,0.68234206052199,0.804120589500654,0.743618641305714,0.704156554981205,0.652508860471688,0.651459751415861,0.608504405396056,0.610620212720141,0.55053865304888,0.538459027892597,0.536656874058163
Finland,0.0,0.0,0.0,0.0,0.0,0.0,0.0,0.0,0.0,0.0,0.0,0.0,0.0,0.0,0.0,0.0,0.0,8.03673938002296,9.13466920407478,17.1801340366435,17.2331705401625,35.8478574396832,40.7431693989071,41.993506647392,41.6609623070638,38.3357470432054,38.6859091462672,36.788884311449,36.2931066483537,35.4720627311073,35.3384703091381,33.6477770496327,33.3650931139021,32.6265983398549,29.6003413021286,30.0085890528617,28.0743228633618,30.2041170348098,31.1442700984793,33.0765797543804,32.1238710414999,30.5735305963537,29.7445133746915,26.9560989493157,26.4616459898655,32.9701623643422,27.828263193702,28.8300818511908,29.6492406240314,32.6437164384132,28.2618935468676,31.5465095712983,32.6468875601824,33.1279733920878,34.6286016389109
Fiji,,,,,,,,,,,,,,,,,,,,,,,,,,,,,,,,,,,,,,,,,,,,,,,,,,,,,,,
France,0.19451364926258,0.339241900756096,0.542717488583427,0.505094298721006,0.663351596601209,0.992291599917073,1.4492884408869,2.49901613537977,2.87079399072001,3.60488798370672,3.88974404380815,5.99041379797111,8.5233147002646,8.07690621780963,7.86472354386209,9.84813323690999,7.66454383382639,8.54644808743169,13.4794048066506,16.6175265834681,23.8045455252071,38.2128215361173,39.1136504014824,48.8425949437803,59.2692459081428,65.4203424861482,70.4864202255854,70.5341061836883,70.6044096844954,75.317321464858,75.2832581094394,73.3682895937221,73.5732406398977,78.3955848347933,75.8504655568034,76.797685672464,78.0383376541755,78.9426618094715,76.4864982080408,75.6362268987044,77.5736942808455,77.2211279952172,78.8902335494825,78.5515330255884,78.81714757961,79.0478107876263,79.0596594501187,77.9992266240009,77.2583429734776,77.2120912895755,75.9405265069956,79.5116603010559,75.9627798342556,74.7044863069252,78.2355882895947
Faroe Islands,,,,,,,,,,,,,,,,,,,,,,,,,,,,,,,,,,,,,,,,,,,,,,,,,,,,,,,
Micronesia Fed. Sts.,,,,,,,,,,,,,,,,,,,,,,,,,,,,,,,,,,,,,,,,,,,,,,,,,,,,,,,
Gabon,,,,,,,,,,,,0.0,0.0,0.0,0.0,0.0,0.0,0.0,0.0,0.0,0.0,0.0,0.0,0.0,0.0,0.0,0.0,0.0,0.0,0.0,0.0,0.0,0.0,0.0,0.0,0.0,0.0,0.0,0.0,0.0,0.0,0.0,0.0,0.0,0.0,0.0,0.0,0.0,0.0,0.0,0.0,0.0,0.0,0.0,0.0
United Kingdom,1.60290598783406,1.73773532537689,2.29970326409496,3.65206414780388,4.45826824978973,7.73357860044455,10.0203708384756,11.215236957234,11.7646001877664,12.2424874212382,10.4881176062642,10.7712038036253,11.1802471391004,9.95088003639569,12.3409519753893,11.2035156394254,13.1339477402926,14.2054449295425,12.994393671761,12.8272698354233,13.0330093532955,13.7222304542514,16.1854562051856,18.1182797649936,19.2509878885576,20.7299156145345,19.7354311770306,18.3123151794831,20.6903297749548,22.9420324618214,20.6917279035735,21.9519405511713,24.0513424310935,27.7782786439308,27.1616865216107,26.7569754187357,27.1020546043233,28.1075662981843,27.552419276668,26.0459958932238,22.7213355592654,23.5621181688844,22.8416906096023,22.4258086703214,20.4455655569697,20.6405243964737,19.1777444526345,16.0388425609014,13.6387495777356,18.521407453273,16.4183915577656,18.9561217170982,19.5575420360067,19.8628306509918,19.0126247789247
Georgia,,,,,,,,,,,,,,,,,,,,,,,,,,,,,,,0.0,0.0,0.0,0.0,0.0,0.0,0.0,0.0,0.0,0.0,0.0,0.0,0.0,0.0,0.0,0.0,0.0,0.0,0.0,0.0,0.0,0.0,0.0,0.0,0.0
Ghana,,,,,,,,,,,,0.0,0.0,0.0,0.0,0.0,0.0,0.0,0.0,0.0,0.0,0.0,0.0,0.0,0.0,0.0,0.0,0.0,0.0,0.0,0.0,0.0,0.0,0.0,0.0,0.0,0.0,0.0,0.0,0.0,0.0,0.0,0.0,0.0,0.0,0.0,0.0,0.0,0.0,0.0,0.0,0.0,0.0,0.0,0.0
Gibraltar,,,,,,,,,,,,0.0,0.0,0.0,0.0,0.0,0.0,0.0,0.0,0.0,0.0,0.0,0.0,0.0,0.0,0.0,0.0,0.0,0.0,0.0,0.0,0.0,0.0,0.0,0.0,0.0,0.0,0.0,0.0,0.0,0.0,0.0,0.0,0.0,0.0,0.0,0.0,0.0,0.0,0.0,0.0,0.0,0.0,0.0,0.0
Guinea,,,,,,,,,,,,,,,,,,,,,,,,,,,,,,,,,,,,,,,,,,,,,,,,,,,,,,,
Gambia,,,,,,,,,,,,,,,,,,,,,,,,,,,,,,,,,,,,,,,,,,,,,,,,,,,,,,,
Guinea-Bissau,,,,,,,,,,,,,,,,,,,,,,,,,,,,,,,,,,,,,,,,,,,,,,,,,,,,,,,
Equatorial Guinea,,,,,,,,,,,,,,,,,,,,,,,,,,,,,,,,,,,,,,,,,,,,,,,,,,,,,,,
Greece,0.0,0.0,0.0,0.0,0.0,0.0,0.0,0.0,0.0,0.0,0.0,0.0,0.0,0.0,0.0,0.0,0.0,0.0,0.0,0.0,0.0,0.0,0.0,0.0,0.0,0.0,0.0,0.0,0.0,0.0,0.0,0.0,0.0,0.0,0.0,0.0,0.0,0.0,0.0,0.0,0.0,0.0,0.0,0.0,0.0,0.0,0.0,0.0,0.0,0.0,0.0,0.0,0.0,0.0,0.0
Grenada,,,,,,,,,,,,,,,,,,,,,,,,,,,,,,,,,,,,,,,,,,,,,,,,,,,,,,,
Greenland,,,,,,,,,,,,,,,,,,,,,,,,,,,,,,,,,,,,,,,,,,,,,,,,,,,,,,,
Guatemala,,,,,,,,,,,,0.0,0.0,0.0,0.0,0.0,0.0,0.0,0.0,0.0,0.0,0.0,0.0,0.0,0.0,0.0,0.0,0.0,0.0,0.0,0.0,0.0,0.0,0.0,0.0,0.0,0.0,0.0,0.0,0.0,0.0,0.0,0.0,0.0,0.0,0.0,0.0,0.0,0.0,0.0,0.0,0.0,0.0,0.0,0.0
Guam,,,,,,,,,,,,,,,,,,,,,,,,,,,,,,,,,,,,,,,,,,,,,,,,,,,,,,,
Guyana,,,,,,,,,,,,,,,,,,,,,,,,,,,,,,,,,,,,,,,,,,,,,,,,,,,,,,,
High income,0.168730109022152,0.253709997278856,0.339768935891877,0.505727436972239,0.654546879261557,0.964491990601772,1.22542457084783,1.37913009088282,1.60375043198586,1.75085039897613,1.99716260297093,2.67073801702463,3.37428664070739,4.16337416366418,5.29075050196475,7.18555380675744,7.72056183663015,9.22194513962354,10.3567046830932,10.2993326585859,10.9049741974659,12.6959878041842,13.7363571590357,14.9737551302172,17.102263390783,19.6380113817077,21.0489617451554,21.7859978459061,22.5766997853849,22.0524509233775,22.6632655856787,23.3275111980765,23.3481318353097,23.5531858440606,23.6836009841941,23.8602340209461,23.8606831922571,23.173120259182,23.1907547127809,23.4355135228944,22.881285413912,23.3989405630032,22.7814909729887,22.0095887741715,22.3769561493279,22.0210259588618,21.928654717856,20.7986838434006,20.7747978493723,21.1419937811497,20.551908934897,18.8701356556466,17.6475269674019,17.6640608525192,17.8252872337714
Hong Kong SAR China,,,,,,,,,,,,0.0,0.0,0.0,0.0,0.0,0.0,0.0,0.0,0.0,0.0,0.0,0.0,0.0,0.0,0.0,0.0,0.0,0.0,0.0,0.0,0.0,0.0,0.0,0.0,0.0,0.0,0.0,0.0,0.0,0.0,0.0,0.0,0.0,0.0,0.0,0.0,0.0,0.0,0.0,0.0,0.0,0.0,0.0,0.0
Honduras,,,,,,,,,,,,0.0,0.0,0.0,0.0,0.0,0.0,0.0,0.0,0.0,0.0,0.0,0.0,0.0,0.0,0.0,0.0,0.0,0.0,0.0,0.0,0.0,0.0,0.0,0.0,0.0,0.0,0.0,0.0,0.0,0.0,0.0,0.0,0.0,0.0,0.0,0.0,0.0,0.0,0.0,0.0,0.0,0.0,0.0,0.0
Heavily indebted poor countries (HIPC),,,,,,,,,,,,0.0,0.0,0.0,0.0,0.0,0.0,0.0,0.0,0.0,0.0,0.0,0.0,0.0,0.0,0.0,0.0,0.0,0.0,0.0,0.0,0.0,0.0,0.0,0.0,0.0,0.0,0.0,0.0,0.0,0.0,0.0,0.0,0.0,0.0,0.0,0.0,0.0,0.0,0.0,0.0,0.0,0.0,0.0,0.0
Croatia,,,,,,,,,,,,,,,,,,,,,,,,,,,,,,,0.0,0.0,0.0,0.0,0.0,0.0,0.0,0.0,0.0,0.0,0.0,0.0,0.0,0.0,0.0,0.0,0.0,0.0,0.0,0.0,0.0,0.0,0.0,0.0,0.0
Haiti,,,,,,,,,,,,0.0,0.0,0.0,0.0,0.0,0.0,0.0,0.0,0.0,0.0,0.0,0.0,0.0,0.0,0.0,0.0,0.0,0.0,0.0,0.0,0.0,0.0,0.0,0.0,0.0,0.0,0.0,0.0,0.0,0.0,0.0,0.0,0.0,0.0,0.0,0.0,0.0,0.0,0.0,0.0,0.0,0.0,0.0,0.0
Hungary,,,,,,0.0,0.0,0.0,0.0,0.0,0.0,0.0,0.0,0.0,0.0,0.0,0.0,0.0,0.0,0.0,0.0,0.0,0.0,9.58898797983715,14.3177584305973,24.1827138378863,26.4538198403649,36.9289724024337,45.9925426743748,46.959196781718,48.2873821915881,45.8098321262891,44.0713271264005,41.9140209630867,41.9185439355512,41.2311129402081,40.4103733257338,39.4609712687516,37.5073944608766,37.2594628885599,40.2943934528715,38.7917067142661,38.5900378903117,32.2536242495241,35.3476919425656,38.6900100682403,37.5386932150924,36.7292292292292,37.0218613366646,42.9597861200847,42.1744133151374,43.5464615897165,45.5983831384438,50.7361193635703,53.2423788786064
IBRD only,,,,,,,,,,,,0.1127907907548,0.0982403654243009,0.190490993351467,0.312324001737807,0.523503122719732,0.680702842602428,0.572205625806467,0.617601274609177,0.58144288634868,0.530040395452084,0.65810737169648,0.607754648233558,0.751009464897531,0.971595743548571,1.10267469044362,1.0021254377294,0.915951764505677,1.07478695967477,0.986090579701658,5.99222651274801,5.8574899062417,5.74689349112078,5.66926775354443,5.29777488724517,5.3806237750417,5.73175347873019,5.70942687861863,5.42016167410548,5.51361942017259,5.61671382650561,5.71899032938667,5.70347423013706,5.71285963245654,5.37417809354848,5.14182414460063,4.94446440504535,4.67381373636948,4.62679392116681,4.47799179493603,4.30293533669583,4.26949006660604,4.21131422500695,4.06681441004327,4.20548364241814
IDA & IBRD total,,,,,,,,,,,,0.115843323113831,0.101070443408941,0.20219653800045,0.325770005413369,0.530714281475823,0.675745081442242,0.560782937302421,0.593827982730828,0.551841530907489,0.499864089978688,0.626245323305768,0.579445013629777,0.71694395844934,0.929624082776735,1.05190642961653,0.958794235652059,0.87896493835236,1.01972141142534,0.930227081944882,5.64541257561418,5.52184730339672,5.42174137848841,5.3518686198266,4.99991482095493,5.07756505226693,5.40927350099485,5.3918426067161,5.11638914431631,5.20401054064971,5.33329444028716,5.42921068848074,5.4033776000587,5.42330476435111,5.11545089118961,4.89308615763509,4.7090922318877,4.4730854423798,4.41937443499467,4.29008907867472,4.13083817681538,4.12011986400126,4.06080141888573,3.92824981150333,4.05977995411819
IDA total,,,,,,,,,,,,0.17135741034052,0.149422955835385,0.397328421196225,0.538788084953103,0.648459744345095,0.602803829516174,0.38566101681234,0.205894604233668,0.0838725484184018,0.0015461137436455,0.108963722225475,0.124143737492312,0.150984119078774,0.206881280873652,0.200991836348162,0.233130725623064,0.256345246877269,0.117431795981903,0.0131395333868188,0.119702683104065,0.154283913073071,0.231052655935871,0.196798585069181,0.196830735504431,0.179000973566179,0.125263021266852,0.132824766343632,0.0979182286407379,0.131084692855266,0.630694517740893,0.686361075731665,0.494639779193707,0.485733046788892,0.715261575405579,0.603722737920502,0.530402033940335,0.707945383071125,0.373310483499889,0.645503152196226,0.719560048123528,1.07400157273963,0.913444872171103,0.988238960022253,0.955589577663639
IDA blend,,,,,,,,,,,,0.364381973987869,0.336414898120816,0.870776012704281,1.25741748119239,1.43809085005572,1.35194901319584,0.892079912664261,0.463263824384835,0.182869429864962,0.0035015651431328,0.244913118777045,0.277227542508111,0.322529011213281,0.429075302555154,0.420876145838294,0.481435647056128,0.506338940379255,0.226524517645735,0.0252726897242514,0.229358612422905,0.297256204193455,0.433973300031795,0.372921167601839,0.375975373629168,0.344390345975997,0.245913725356865,0.258984999044288,0.194114785632952,0.270616354576418,1.33347728187116,1.45273417751296,1.02679255432359,1.00902590383006,1.50226687616892,1.28855606749546,1.149370314041,1.58472690355457,0.855474793736604,1.50538465358674,1.69253189866783,2.55627840061563,2.18402068150729,2.30740852899847,2.23261187691776
Indonesia,,,,,,,,,,,,0.0,0.0,0.0,0.0,0.0,0.0,0.0,0.0,0.0,0.0,0.0,0.0,0.0,0.0,0.0,0.0,0.0,0.0,0.0,0.0,0.0,0.0,0.0,0.0,0.0,0.0,0.0,0.0,0.0,0.0,0.0,0.0,0.0,0.0,0.0,0.0,0.0,0.0,0.0,0.0,0.0,0.0,0.0,0.0
IDA only,,,,,,,,,,,,0.0,0.0,0.0,0.0,0.0,0.0,0.0,0.0,0.0,0.0,0.0,0.0,0.0,0.0,0.0,0.0,0.0,0.0,0.0,0.0,0.0,0.0,0.0,0.0,0.0,0.0,0.0,0.0,0.0,0.0,0.0,0.0,0.0,0.0,0.0,0.0,0.0,0.0,0.0,0.0,0.0,0.0,0.0,0.0
Isle of Man,,,,,,,,,,,,,,,,,,,,,,,,,,,,,,,,,,,,,,,,,,,,,,,,,,,,,,,
India,,,,,,,,,,,,1.79260062665703,1.60672755119406,3.29138963679323,2.87696601371971,3.05611805507064,3.40113998849553,2.29661976386867,2.51523213685769,2.55005717020767,2.49233861256218,2.28292904103378,1.42915706591651,2.33373918194083,2.37082632751729,2.67725675225433,2.46211471238558,2.26918327429401,2.38089390962672,1.70150615485362,2.09782326496591,1.73058611271206,1.99477432002396,1.49593315689562,1.44519245777392,1.88405797101449,2.04748651900206,2.13316464908458,2.36664542601404,2.42757938325668,2.96688713822303,3.31111190453116,3.17607477125382,2.7318668115058,2.48702102805446,2.42071609823714,2.42987707163756,2.05898030873169,1.75952284126339,2.03161009133306,2.68180221683125,3.00473878957987,2.92649741907967,2.87400331835372,2.79063943071017
Not classified,,,,,,,,,,,,,,,,,,,,,,,,,,,,,,,,,,,,,,,,,,,,,,,,,,,,,,,
Ireland,0.0,0.0,0.0,0.0,0.0,0.0,0.0,0.0,0.0,0.0,0.0,0.0,0.0,0.0,0.0,0.0,0.0,0.0,0.0,0.0,0.0,0.0,0.0,0.0,0.0,0.0,0.0,0.0,0.0,0.0,0.0,0.0,0.0,0.0,0.0,0.0,0.0,0.0,0.0,0.0,0.0,0.0,0.0,0.0,0.0,0.0,0.0,0.0,0.0,0.0,0.0,0.0,0.0,0.0,0.0
Iran Islamic Rep.,,,,,,,,,,,,0.0,0.0,0.0,0.0,0.0,0.0,0.0,0.0,0.0,0.0,0.0,0.0,0.0,0.0,0.0,0.0,0.0,0.0,0.0,0.0,0.0,0.0,0.0,0.0,0.0,0.0,0.0,0.0,0.0,0.0,0.0,0.0,0.0,0.0,0.0,0.0,0.0,0.0,0.0,0.0,0.136220485561462,0.726376063804685,1.73224505971025,1.62849724517405
Iraq,,,,,,,,,,,,0.0,0.0,0.0,0.0,0.0,0.0,0.0,0.0,0.0,0.0,0.0,0.0,0.0,0.0,0.0,0.0,0.0,0.0,0.0,0.0,0.0,0.0,0.0,0.0,0.0,0.0,0.0,0.0,0.0,0.0,0.0,0.0,0.0,0.0,0.0,0.0,0.0,0.0,0.0,0.0,0.0,0.0,0.0,0.0
Iceland,0.0,0.0,0.0,0.0,0.0,0.0,0.0,0.0,0.0,0.0,0.0,0.0,0.0,0.0,0.0,0.0,0.0,0.0,0.0,0.0,0.0,0.0,0.0,0.0,0.0,0.0,0.0,0.0,0.0,0.0,0.0,0.0,0.0,0.0,0.0,0.0,0.0,0.0,0.0,0.0,0.0,0.0,0.0,0.0,0.0,0.0,0.0,0.0,0.0,0.0,0.0,0.0,0.0,0.0,0.0
Israel,,,,,,,,,,,,0.0,0.0,0.0,0.0,0.0,0.0,0.0,0.0,0.0,0.0,0.0,0.0,0.0,0.0,0.0,0.0,0.0,0.0,0.0,0.0,0.0,0.0,0.0,0.0,0.0,0.0,0.0,0.0,0.0,0.0,0.0,0.0,0.0,0.0,0.0,0.0,0.0,0.0,0.0,0.0,0.0,0.0,0.0,0.0
Italy,0.0,0.0,0.0,0.454763044518909,3.14674774904654,4.24970336828341,4.32141578664757,3.27582623155269,2.49585799963182,1.53176659489837,2.72627386348029,2.71546158812137,2.70811238741094,2.18321798827094,2.31415502802774,2.60670334344003,2.35315206171229,2.05203748833036,2.55777817570573,1.46816462661803,1.20344026946597,1.51267923600478,3.74203909231903,3.21083343975037,3.83386403616202,3.8543215702629,4.6364382328807,0.0877493797026607,0.0,0.0,0.0,0.0,0.0,0.0,0.0,0.0,0.0,0.0,0.0,0.0,0.0,0.0,0.0,0.0,0.0,0.0,0.0,0.0,0.0,0.0,0.0,0.0,0.0,0.0,0.0
Jamaica,,,,,,,,,,,,0.0,0.0,0.0,0.0,0.0,0.0,0.0,0.0,0.0,0.0,0.0,0.0,0.0,0.0,0.0,0.0,0.0,0.0,0.0,0.0,0.0,0.0,0.0,0.0,0.0,0.0,0.0,0.0,0.0,0.0,0.0,0.0,0.0,0.0,0.0,0.0,0.0,0.0,0.0,0.0,0.0,0.0,0.0,0.0
Jordan,,,,,,,,,,,,0.0,0.0,0.0,0.0,0.0,0.0,0.0,0.0,0.0,0.0,0.0,0.0,0.0,0.0,0.0,0.0,0.0,0.0,0.0,0.0,0.0,0.0,0.0,0.0,0.0,0.0,0.0,0.0,0.0,0.0,0.0,0.0,0.0,0.0,0.0,0.0,0.0,0.0,0.0,0.0,0.0,0.0,0.0,0.0
Japan,0.0,0.0,0.0,0.0,0.0,0.0,0.279264603211543,0.246153846153846,0.367714653428939,0.349705929105071,1.29650507328072,2.08931835988509,2.23161851068828,2.08579096536861,4.31072966632821,5.31020023417719,6.72180231640736,5.98049383135835,10.6339149329834,12.0260019817542,14.4255944219614,15.1341775293136,17.6995890889109,18.6022929986068,20.8692192073166,23.926854099538,25.0786763303452,26.3331140753789,23.8805830498506,23.0405009544089,23.1815228116902,23.6932684079025,24.6843202765358,27.2722995602619,27.6164890735055,29.130730923759,29.654576195677,30.6283682117578,31.7327991429529,29.6472751822897,29.5975891744448,29.8506989097791,27.027541909112,22.2032785065404,25.446554865029,26.9846329574584,26.8427603741387,22.8743838840987,23.4420790986722,26.1847732384597,25.2819139978107,9.47148762138249,1.5084722022426,0.87800182150222,0.0
Kazakhstan,,,,,,,,,,,,,,,,,,,,,,,,,,,,,,,0.0,0.0,0.0,0.0,0.0,0.0,0.0,0.0,0.0,0.0,0.0,0.0,0.0,0.0,0.0,0.0,0.0,0.0,0.0,0.0,0.0,0.0,0.0,0.0,0.0
Kenya,,,,,,,,,,,,0.0,0.0,0.0,0.0,0.0,0.0,0.0,0.0,0.0,0.0,0.0,0.0,0.0,0.0,0.0,0.0,0.0,0.0,0.0,0.0,0.0,0.0,0.0,0.0,0.0,0.0,0.0,0.0,0.0,0.0,0.0,0.0,0.0,0.0,0.0,0.0,0.0,0.0,0.0,0.0,0.0,0.0,0.0,0.0
Kyrgyz Republic,,,,,,,,,,,,,,,,,,,,,,,,,,,,,,,0.0,0.0,0.0,0.0,0.0,0.0,0.0,0.0,0.0,0.0,0.0,0.0,0.0,0.0,0.0,0.0,0.0,0.0,0.0,0.0,0.0,0.0,0.0,0.0,0.0
Cambodia,,,,,,,,,,,,,,,,,,,,,,,,,,,,,,,,,,,,0.0,0.0,0.0,0.0,0.0,0.0,0.0,0.0,0.0,0.0,0.0,0.0,0.0,0.0,0.0,0.0,0.0,0.0,0.0,0.0
Kiribati,,,,,,,,,,,,,,,,,,,,,,,,,,,,,,,,,,,,,,,,,,,,,,,,,,,,,,,
St. Kitts and Nevis,,,,,,,,,,,,,,,,,,,,,,,,,,,,,,,,,,,,,,,,,,,,,,,,,,,,,,,
Korea Rep.,,,,,,,,,,,,0.0,0.0,0.0,0.0,0.0,0.0,0.267047805318389,7.37543636940654,8.85393258426966,9.33698541851285,7.205213022608,8.75887018227355,18.3520982599795,21.9149568837348,28.8672056820729,44.3086313483058,54.082980245419,47.5908475944079,50.5523240300977,50.1912290858016,49.7205421394199,45.4406610719913,40.6459957353095,36.2571400311565,37.0041791110694,36.48675995163,34.7056016279928,41.5094252299034,43.7460737873309,37.7657472810076,36.272914597735,36.113267273896,37.7842076278224,35.6548612702257,37.8419280487994,36.9774032366321,33.5607705943814,34.0044510920493,32.7161505149709,29.9155657737388,29.7513907236378,28.3136353790954,25.8015099713511,28.653002751591
Kuwait,,,,,,,,,,,,0.0,0.0,0.0,0.0,0.0,0.0,0.0,0.0,0.0,0.0,0.0,0.0,0.0,0.0,0.0,0.0,0.0,0.0,0.0,0.0,0.0,0.0,0.0,0.0,0.0,0.0,0.0,0.0,0.0,0.0,0.0,0.0,0.0,0.0,0.0,0.0,0.0,0.0,0.0,0.0,0.0,0.0,0.0,0.0
Latin America & Caribbean (excluding high income),,,,,,,,,,,,0.0,0.0,0.0,0.572459308975814,1.29779047589685,1.20930252475847,0.696724375261919,1.12829707461583,0.94626312999888,0.76024981140988,0.884750943665792,0.551504793051523,0.955492942973274,1.62971785546134,2.22027252511624,1.3252516464674,1.5989640638234,1.31813168843417,1.42897068575942,2.4278041674433,2.47479107820306,2.30498594491784,2.24575270472682,2.02261515756098,2.75899084779195,2.59080023488845,2.96787634490771,2.61352363990087,2.64748819252012,2.43516307010713,3.65245613619515,3.46183330172268,3.48347035856656,3.04765327562217,2.81150843960838,3.17383714468534,2.82702922098323,2.81761256069468,2.85606965866138,2.34576970726693,2.59621134125067,2.43882188097859,2.5606018798681,2.31685632491416
Lao PDR,,,,,,,,,,,,,,,,,,,,,,,,,,,,,,,,,,,,,,,,,,,,,,,,,,,,,,,
Lebanon,,,,,,,,,,,,0.0,0.0,0.0,0.0,0.0,0.0,0.0,0.0,0.0,0.0,0.0,0.0,0.0,0.0,0.0,0.0,0.0,0.0,0.0,0.0,0.0,0.0,0.0,0.0,0.0,0.0,0.0,0.0,0.0,0.0,0.0,0.0,0.0,0.0,0.0,0.0,0.0,0.0,0.0,0.0,0.0,0.0,0.0,0.0
Liberia,,,,,,,,,,,,,,,,,,,,,,,,,,,,,,,,,,,,,,,,,,,,,,,,,,,,,,,
Libya,,,,,,,,,,,,0.0,0.0,0.0,0.0,0.0,0.0,0.0,0.0,0.0,0.0,0.0,0.0,0.0,0.0,0.0,0.0,0.0,0.0,0.0,0.0,0.0,0.0,0.0,0.0,0.0,0.0,0.0,0.0,0.0,0.0,0.0,0.0,0.0,0.0,0.0,0.0,0.0,0.0,0.0,0.0,0.0,0.0,0.0,0.0
St. Lucia,,,,,,,,,,,,,,,,,,,,,,,,,,,,,,,,,,,,,,,,,,,,,,,,,,,,,,,
Latin America & Caribbean,,,,,,,,,,,,0.0,0.0,0.0,0.478879292750677,1.09343008107449,1.02129512192271,0.589347452852578,0.954417253823659,0.795755450418412,0.633316828610512,0.733439663787337,0.459040017449492,0.789679858271573,1.35540758840536,1.85704153964687,1.10997213343497,1.3361155104009,1.09918428509938,1.20105613197385,2.03009970662443,2.0689837512257,1.90691781396643,1.86659256133933,1.68879857365915,2.30977739806728,2.16919748002004,2.48835489644727,2.1880174589102,2.22878842967762,2.05041007792785,3.03776447868854,2.88348592068614,2.91898052203159,2.54988389201742,2.34430251904458,2.64838784747315,2.35184906151056,2.3477001361171,2.37801903810295,1.97527081871913,2.1877648740892,2.05318639132348,2.15319721064757,1.94704150964981
Least developed countries: UN classification,,,,,,,,,,,,0.0,0.0,0.0,0.0,0.0,0.0,0.0,0.0,0.0,0.0,0.0,0.0,0.0,0.0,0.0,0.0,0.0,0.0,0.0,0.0,0.0,0.0,0.0,0.0,0.0,0.0,0.0,0.0,0.0,0.0,0.0,0.0,0.0,0.0,0.0,0.0,0.0,0.0,0.0,0.0,0.0,0.0,0.0,0.0
Low income,,,,,,,,,,,,0.0,0.0,0.0,0.0,0.0,0.0,0.0,0.0,0.0,0.0,0.0,0.0,0.0,0.0,0.0,0.0,0.0,0.0,0.0,0.0,0.0,0.0,0.0,0.0,0.0,0.0,0.0,0.0,0.0,0.0,0.0,0.0,0.0,0.0,0.0,0.0,0.0,0.0,0.0,0.0,0.0,0.0,0.0,0.0
Liechtenstein,,,,,,,,,,,,,,,,,,,,,,,,,,,,,,,,,,,,,,,,,,,,,,,,,,,,,,,
Sri Lanka,,,,,,,,,,,,0.0,0.0,0.0,0.0,0.0,0.0,0.0,0.0,0.0,0.0,0.0,0.0,0.0,0.0,0.0,0.0,0.0,0.0,0.0,0.0,0.0,0.0,0.0,0.0,0.0,0.0,0.0,0.0,0.0,0.0,0.0,0.0,0.0,0.0,0.0,0.0,0.0,0.0,0.0,0.0,0.0,0.0,0.0,0.0
Lower middle income,,,,,,,,,,,,0.605414321019466,0.528187191849086,1.05788612643797,0.967964022588571,1.05757058256481,1.14866826076565,0.750930166378118,0.772343196083457,0.71332365267454,0.677331118829685,0.655214687596185,0.422646375002322,0.672517614464422,0.714743432041488,0.799805607404272,0.75450823903151,0.703501818636952,0.708552826866552,0.500128007415197,8.22551760558546,7.88985662645412,7.84938993923327,7.71403327107159,6.93802213055949,6.97419471893635,7.60908717925884,7.33754438680013,6.87582124429018,6.34886760203475,6.80770084315543,6.63170215119681,6.40878847994568,6.15355063810986,6.15601125352035,5.94813578432708,5.73237679541575,5.52718009198944,5.08563793735264,4.7831856396727,5.07052643048742,5.09768993230707,4.8898681623874,4.57991848684455,4.56069915744231
Low & middle income,,,,,,,,,,,,0.127098054447192,0.110924528019492,0.222046249769869,0.358850762409988,0.58074614824025,0.739336281341834,0.612729595148136,0.64718828597944,0.599439766899154,0.543291861722829,0.674539909858476,0.621814140152958,0.771361021212932,0.998410730515115,1.12472085057467,1.02138904946226,0.934886256061015,1.07847789111696,0.978290634549449,5.91057562586874,5.78434882106705,5.691145113129,5.62174886785578,5.24896628190072,5.32893863663849,5.68169124171252,5.6608071822774,5.37722218259784,5.45744481336067,5.58548664012822,5.68611792172524,5.64740808661845,5.65795667514068,5.3283712890935,5.09107887504246,4.89071301861403,4.63757015419982,4.57556057144719,4.43701693374739,4.26172883634666,4.24633724518958,4.18174471592703,4.04289453134453,4.17342696386399
Lesotho,,,,,,,,,,,,,,,,,,,,,,,,,,,,,,,,,,,,,,,,,,,,,,,,,,,,,,,
Late-demographic dividend,,,,,,,,,,,,0.0,0.0003569080853188,0.0251535793732622,0.0500408223688225,0.017484841100784,0.0384208440134721,0.0091287164016317,0.0013816444767909,0.144594019531844,0.28466327532717,0.317206626767458,0.343224800499119,0.33972670180757,0.457248058395375,0.616685510828986,0.536201640913295,0.532633890091137,0.484737492380648,0.534326870016643,4.94533734828898,4.89038782974186,4.82815804818017,4.75109024018591,4.42284439305619,4.29876286065742,4.6130376663961,4.61363002136055,4.43488452036011,4.89510351910186,5.07887293314093,5.29445350302909,5.33151885622848,5.48218159006727,5.0240400967353,4.77572435644557,4.58988389458687,4.34919977718926,4.41226043930001,4.24420137563528,4.02085306017776,3.94078775341885,3.94987521405254,3.81967291333327,4.016460447284
Lithuania,,,,,,,,,,,,,,,,,,,,,,,,,,,,,,,59.96479493047,57.8959915539965,78.9195600603839,87.9862207549878,78.9953869810354,87.4408284023669,85.8444677051906,83.5696413678065,79.018247536874,75.345710138284,75.7036237748404,79.1115443531542,81.774025673644,82.2392181856809,80.535409556314,71.7100242802636,71.6320278214788,72.9992576095026,74.2402641254596,74.1104964829611,0.0,0.0,0.0,0.0,0.0
Luxembourg,0.0,0.0,0.0,0.0,0.0,0.0,0.0,0.0,0.0,0.0,0.0,0.0,0.0,0.0,0.0,0.0,0.0,0.0,0.0,0.0,0.0,0.0,0.0,0.0,0.0,0.0,0.0,0.0,0.0,0.0,0.0,0.0,0.0,0.0,0.0,0.0,0.0,0.0,0.0,0.0,0.0,0.0,0.0,0.0,0.0,0.0,0.0,0.0,0.0,0.0,0.0,0.0,0.0,0.0,0.0
Latvia,,,,,,,,,,,,,,,,,,,,,,,,,,,,,,,0.0,0.0,0.0,0.0,0.0,0.0,0.0,0.0,0.0,0.0,0.0,0.0,0.0,0.0,0.0,0.0,0.0,0.0,0.0,0.0,0.0,0.0,0.0,0.0,0.0
Macao SAR China,,,,,,,,,,,,,,,,,,,,,,,,,,,,,,,,,,,,,,,,,,,,,,,,,,,,,,,
St. Martin (French part),,,,,,,,,,,,,,,,,,,,,,,,,,,,,,,,,,,,,,,,,,,,,,,,,,,,,,,
Morocco,,,,,,,,,,,,0.0,0.0,0.0,0.0,0.0,0.0,0.0,0.0,0.0,0.0,0.0,0.0,0.0,0.0,0.0,0.0,0.0,0.0,0.0,0.0,0.0,0.0,0.0,0.0,0.0,0.0,0.0,0.0,0.0,0.0,0.0,0.0,0.0,0.0,0.0,0.0,0.0,0.0,0.0,0.0,0.0,0.0,0.0,0.0
Monaco,,,,,,,,,,,,,,,,,,,,,,,,,,,,,,,,,,,,,,,,,,,,,,,,,,,,,,,
Moldova,,,,,,,,,,,,,,,,,,,,,,,,,,,,,,,0.0,0.0,0.0,0.0,0.0,0.0,0.0,0.0,0.0,0.0,0.0,0.0,0.0,0.0,0.0,0.0,0.0,0.0,0.0,0.0,0.0,0.0,0.0,0.0,0.0
Madagascar,,,,,,,,,,,,,,,,,,,,,,,,,,,,,,,,,,,,,,,,,,,,,,,,,,,,,,,
Maldives,,,,,,,,,,,,,,,,,,,,,,,,,,,,,,,,,,,,,,,,,,,,,,,,,,,,,,,
Middle East & North Africa,,,,,,,,,,,,0.0,0.0,0.0,0.0,0.0,0.0,0.0,0.0,0.0,0.0,0.0,0.0,0.0,0.0,0.0,0.0,0.0,0.0,0.0,0.0,0.0,0.0,0.0,0.0,0.0,0.0,0.0,0.0,0.0,0.0,0.0,0.0,0.0,0.0,0.0,0.0,0.0,0.0,0.0,0.0,0.0272711668320852,0.145770516521489,0.347699069215215,0.322004537534756
Mexico,,,,,,,,,,,,0.0,0.0,0.0,0.0,0.0,0.0,0.0,0.0,0.0,0.0,0.0,0.0,0.0,0.0,0.0,0.0,0.0,0.0,0.316044348158532,2.53545930920172,3.29936999299992,2.94963270712909,3.63447406632123,2.88110595319817,5.54555724869949,4.99584630701816,6.24264894652314,5.08217044058276,5.22270377525978,3.99708277622463,4.07779875507038,4.466572877954,4.44591202157338,3.86980549955174,4.30876347859376,4.21486256894826,3.92842063994692,3.64034680578505,3.92188351994741,2.13365174187133,3.332441511341,2.85455752730871,3.96870774839738,3.20966115636692
Marshall Islands,,,,,,,,,,,,,,,,,,,,,,,,,,,,,,,,,,,,,,,,,,,,,,,,,,,,,,,
Middle income,,,,,,,,,,,,0.13164784152568,0.114707915408991,0.229242705322839,0.370209026941565,0.598111818749786,0.760523876274085,0.6293890885048,0.663999121639266,0.614081343122222,0.556142487475472,0.690087770867054,0.636237684397287,0.789232084208015,1.02025186500668,1.14946428319946,1.04226733627095,0.952886611255229,1.0995291697369,0.997840912198226,6.02045981215424,5.88930175792662,5.79342591376987,5.71778744928719,5.34165952914437,5.4236924925162,5.78052999058561,5.75589041360155,5.47177957641916,5.55660925028594,5.68984599296298,5.79511043109378,5.75396344347322,5.76080713086279,5.42502385666756,5.18407493051911,4.97849693365805,4.71868243601318,4.65557049449682,4.51481037716044,4.3349794110444,4.31336846010966,4.24382231313686,4.09842916646364,4.22958917122374
North Macedonia,,,,,,,,,,,,,,,,,,,,,,,,,,,,,,,0.0,0.0,0.0,0.0,0.0,0.0,0.0,0.0,0.0,0.0,0.0,0.0,0.0,0.0,0.0,0.0,0.0,0.0,0.0,0.0,0.0,0.0,0.0,0.0,0.0
Mali,,,,,,,,,,,,,,,,,,,,,,,,,,,,,,,,,,,,,,,,,,,,,,,,,,,,,,,
Malta,,,,,,,,,,,,0.0,0.0,0.0,0.0,0.0,0.0,0.0,0.0,0.0,0.0,0.0,0.0,0.0,0.0,0.0,0.0,0.0,0.0,0.0,0.0,0.0,0.0,0.0,0.0,0.0,0.0,0.0,0.0,0.0,0.0,0.0,0.0,0.0,0.0,0.0,0.0,0.0,0.0,0.0,0.0,0.0,0.0,0.0,0.0
Myanmar,,,,,,,,,,,,0.0,0.0,0.0,0.0,0.0,0.0,0.0,0.0,0.0,0.0,0.0,0.0,0.0,0.0,0.0,0.0,0.0,0.0,0.0,0.0,0.0,0.0,0.0,0.0,0.0,0.0,0.0,0.0,0.0,0.0,0.0,0.0,0.0,0.0,0.0,0.0,0.0,0.0,0.0,0.0,0.0,0.0,0.0,0.0
Middle East & North Africa (excluding high income),,,,,,,,,,,,0.0,0.0,0.0,0.0,0.0,0.0,0.0,0.0,0.0,0.0,0.0,0.0,0.0,0.0,0.0,0.0,0.0,0.0,0.0,0.0,0.0,0.0,0.0,0.0,0.0,0.0,0.0,0.0,0.0,0.0,0.0,0.0,0.0,0.0,0.0,0.0,0.0,0.0,0.0,0.0,0.0499942308439061,0.271348194968277,0.643632447487071,0.606291678890835
Montenegro,,,,,,,,,,,,,,,,,,,,,,,,,,,,,,,,,,,,,,,,,,,,,,0.0,0.0,0.0,0.0,0.0,0.0,0.0,0.0,0.0,0.0
Mongolia,,,,,,,,,,,,,,,,,,,,,,,,,,0.0,0.0,0.0,0.0,0.0,0.0,0.0,0.0,0.0,0.0,0.0,0.0,0.0,0.0,0.0,0.0,0.0,0.0,0.0,0.0,0.0,0.0,0.0,0.0,0.0,0.0,0.0,0.0,0.0,0.0
Northern Mariana Islands,,,,,,,,,,,,,,,,,,,,,,,,,,,,,,,,,,,,,,,,,,,,,,,,,,,,,,,
Mozambique,,,,,,,,,,,,0.0,0.0,0.0,0.0,0.0,0.0,0.0,0.0,0.0,0.0,0.0,0.0,0.0,0.0,0.0,0.0,0.0,0.0,0.0,0.0,0.0,0.0,0.0,0.0,0.0,0.0,0.0,0.0,0.0,0.0,0.0,0.0,0.0,0.0,0.0,0.0,0.0,0.0,0.0,0.0,0.0,0.0,0.0,0.0
Mauritania,,,,,,,,,,,,,,,,,,,,,,,,,,,,,,,,,,,,,,,,,,,,,,,,,,,,,,,
Mauritius,,,,,,,,,,,,0.0,0.0,0.0,0.0,0.0,0.0,0.0,0.0,0.0,0.0,0.0,0.0,0.0,0.0,0.0,0.0,0.0,0.0,0.0,0.0,0.0,0.0,0.0,0.0,0.0,0.0,0.0,0.0,0.0,0.0,0.0,0.0,0.0,0.0,0.0,0.0,0.0,0.0,0.0,0.0,0.0,0.0,0.0,0.0
Malawi,,,,,,,,,,,,,,,,,,,,,,,,,,,,,,,,,,,,,,,,,,,,,,,,,,,,,,,
Malaysia,,,,,,,,,,,,0.0,0.0,0.0,0.0,0.0,0.0,0.0,0.0,0.0,0.0,0.0,0.0,0.0,0.0,0.0,0.0,0.0,0.0,0.0,0.0,0.0,0.0,0.0,0.0,0.0,0.0,0.0,0.0,0.0,0.0,0.0,0.0,0.0,0.0,0.0,0.0,0.0,0.0,0.0,0.0,0.0,0.0,0.0,0.0
North America,0.0604776797698174,0.189134068770656,0.237251990152783,0.321907774200766,0.315905475718886,0.319228493797084,0.442449181590065,0.536081903557435,0.901504316154301,0.895325450781723,1.32815774360588,2.32699720329295,3.09912335250536,4.66883121920429,6.06414150003481,8.56541953228913,9.02606982571691,11.4368415608104,12.1852774892297,11.2404758037861,10.8578124162749,11.6343340814488,12.2261945205983,12.5925448475224,13.3119477030605,15.1592345277839,16.4058443196712,17.4145525555296,19.06076011389,17.6646648152304,18.5695415042961,19.5042133205796,19.4212115464642,18.875450510131,19.6235505344388,19.6994892733996,19.1192504196514,17.6306984507429,17.9859903998037,18.9763358155864,18.7875372437355,19.6206834060194,19.009276488498,18.5680905008874,19.0258286953455,18.4557259894733,18.7013070869588,18.7725312354249,18.7628097359021,19.2648381417232,18.7403524891969,18.4285098201034,18.2495737935849,18.6788459301775,18.8053865768315
Namibia,,,,,,,,,,,,,,,,,,,,,,,,,,,,,,,,0.0,0.0,0.0,0.0,0.0,0.0,0.0,0.0,0.0,0.0,0.0,0.0,0.0,0.0,0.0,0.0,0.0,0.0,0.0,0.0,0.0,0.0,0.0,0.0
New Caledonia,,,,,,,,,,,,,,,,,,,,,,,,,,,,,,,,,,,,,,,,,,,,,,,,,,,,,,,
Niger,,,,,,,,,,,,,,,,,,,,,,,,,,,,,,,,,,,,,,,,,0.0,0.0,0.0,0.0,0.0,0.0,0.0,0.0,0.0,0.0,0.0,0.0,0.0,0.0,0.0
Nigeria,,,,,,,,,,,,0.0,0.0,0.0,0.0,0.0,0.0,0.0,0.0,0.0,0.0,0.0,0.0,0.0,0.0,0.0,0.0,0.0,0.0,0.0,0.0,0.0,0.0,0.0,0.0,0.0,0.0,0.0,0.0,0.0,0.0,0.0,0.0,0.0,0.0,0.0,0.0,0.0,0.0,0.0,0.0,0.0,0.0,0.0,0.0
Nicaragua,,,,,,,,,,,,0.0,0.0,0.0,0.0,0.0,0.0,0.0,0.0,0.0,0.0,0.0,0.0,0.0,0.0,0.0,0.0,0.0,0.0,0.0,0.0,0.0,0.0,0.0,0.0,0.0,0.0,0.0,0.0,0.0,0.0,0.0,0.0,0.0,0.0,0.0,0.0,0.0,0.0,0.0,0.0,0.0,0.0,0.0,0.0
Netherlands,0.0,0.0,0.0,0.0,0.0,0.0,0.0,0.0,0.0832862369493441,0.848050829205255,0.900680405306182,0.901924104756815,0.657908013965409,2.10538316833565,5.98418582567886,6.14655903276936,6.66013038168464,6.36516487664276,6.59133709981168,5.41232315711095,6.48088139987038,5.71089566452781,6.46140071627537,6.01676445934619,5.91130650864953,6.19409979824297,6.2777331070014,5.19738669083149,5.27933803565528,5.50171115674196,4.86605157847932,4.47542482254248,4.91864814838785,5.11670705944867,4.96700765021849,4.95028767849003,4.86988281844468,2.78307502051478,4.18591889370576,4.41881918819188,4.38018096417534,4.24500603226461,4.07893228868214,4.15005474188684,3.77615744857431,4.00016012649993,3.50996124776138,3.99372414776779,3.87626450461172,3.73644351795657,3.32774377462899,3.63363547818151,3.79000561482313,2.84166863253912,3.95579106151734
Norway,0.0,0.0,0.0,0.0,0.0,0.0,0.0,0.0,0.0,0.0,0.0,0.0,0.0,0.0,0.0,0.0,0.0,0.0,0.0,0.0,0.0,0.0,0.0,0.0,0.0,0.0,0.0,0.0,0.0,0.0,0.0,0.0,0.0,0.0,0.0,0.0,0.0,0.0,0.0,0.0,0.0,0.0,0.0,0.0,0.0,0.0,0.0,0.0,0.0,0.0,0.0,0.0,0.0,0.0,0.0
Nepal,,,,,,,,,,,,0.0,0.0,0.0,0.0,0.0,0.0,0.0,0.0,0.0,0.0,0.0,0.0,0.0,0.0,0.0,0.0,0.0,0.0,0.0,0.0,0.0,0.0,0.0,0.0,0.0,0.0,0.0,0.0,0.0,0.0,0.0,0.0,0.0,0.0,0.0,0.0,0.0,0.0,0.0,0.0,0.0,0.0,0.0,0.0
Nauru,,,,,,,,,,,,,,,,,,,,,,,,,,,,,,,,,,,,,,,,,,,,,,,,,,,,,,,
New Zealand,0.0,0.0,0.0,0.0,0.0,0.0,0.0,0.0,0.0,0.0,0.0,0.0,0.0,0.0,0.0,0.0,0.0,0.0,0.0,0.0,0.0,0.0,0.0,0.0,0.0,0.0,0.0,0.0,0.0,0.0,0.0,0.0,0.0,0.0,0.0,0.0,0.0,0.0,0.0,0.0,0.0,0.0,0.0,0.0,0.0,0.0,0.0,0.0,0.0,0.0,0.0,0.0,0.0,0.0,0.0
OECD members,0.168968316822428,0.254065146046709,0.340186695214615,0.50631270864377,0.655261940245392,0.965473241167642,1.22656856186252,1.38026199361159,1.60497743664214,1.75203833450649,1.99848441536609,2.67201374451158,3.37711298400252,4.16816057703507,5.29213300300874,7.18867763705955,7.73024122709097,9.23265849255272,10.3311895352508,10.2256685193504,10.8152033836733,12.5790731481266,13.5912135574466,14.7746540326734,16.862306223382,19.3713269156822,20.8437327828279,21.5341914381192,22.4073908853245,21.9327740476631,22.5613725278693,23.2051436633767,23.3104861193777,23.5692903216642,23.6589124095189,23.8930884717693,23.8805537119432,23.2361715566169,23.2773805324811,23.5236121119008,22.9577117744259,23.5653056794838,22.9445096205299,22.1738310300911,22.5487216222524,22.2367908574037,22.1492638256541,21.0066030415634,21.0017270713786,21.4239751654264,20.841846776422,19.0960225342875,17.8769482548709,17.9533160591139,18.1680865359699
Oman,,,,,,,,,,,,0.0,0.0,0.0,0.0,0.0,0.0,0.0,0.0,0.0,0.0,0.0,0.0,0.0,0.0,0.0,0.0,0.0,0.0,0.0,0.0,0.0,0.0,0.0,0.0,0.0,0.0,0.0,0.0,0.0,0.0,0.0,0.0,0.0,0.0,0.0,0.0,0.0,0.0,0.0,0.0,0.0,0.0,0.0,0.0
Other small states,,,,,,,,,,,,0.0,0.0,0.0,0.0,0.0,0.0,0.0,0.0,0.0,0.0,0.0,0.0,0.0,0.0,0.0,0.0,0.0,0.0,0.0,0.0,0.0,0.0,0.0,0.0,0.0,0.0,0.0,0.0,0.0,0.0,0.0,0.0,0.0,0.0,0.0,0.0,0.0,0.0,0.0,0.0,0.0,0.0,0.0,0.0
Pakistan,,,,,,,,,,,,1.37348124669836,1.37348124669836,3.62898412319446,5.0639894086496,6.08590685041746,5.91085271317829,3.87055254206123,1.86666666666667,0.747848172710597,0.0133564845732603,0.933881210310048,1.03459972862958,1.1575366807128,1.48127828830064,1.50415163239577,1.68040955097894,1.74894610319479,0.767580308845305,0.0867026964538597,0.777745334855201,0.937286980231766,1.19237861094038,0.981321328436599,0.954159275511157,0.84800814649648,0.585200845665962,0.603330383718124,0.434064926331234,0.60656734569778,2.93176346232897,3.16305398315615,2.29842544647575,2.1774093777063,3.26408109402189,2.6530241698619,2.32963049698105,3.21656683496932,1.76606706252183,3.03491091372422,3.62349550771317,5.53685981701546,4.73654096228869,4.89065682770283,4.7575429020077
Panama,,,,,,,,,,,,0.0,0.0,0.0,0.0,0.0,0.0,0.0,0.0,0.0,0.0,0.0,0.0,0.0,0.0,0.0,0.0,0.0,0.0,0.0,0.0,0.0,0.0,0.0,0.0,0.0,0.0,0.0,0.0,0.0,0.0,0.0,0.0,0.0,0.0,0.0,0.0,0.0,0.0,0.0,0.0,0.0,0.0,0.0,0.0
Peru,,,,,,,,,,,,0.0,0.0,0.0,0.0,0.0,0.0,0.0,0.0,0.0,0.0,0.0,0.0,0.0,0.0,0.0,0.0,0.0,0.0,0.0,0.0,0.0,0.0,0.0,0.0,0.0,0.0,0.0,0.0,0.0,0.0,0.0,0.0,0.0,0.0,0.0,0.0,0.0,0.0,0.0,0.0,0.0,0.0,0.0,0.0
Philippines,,,,,,,,,,,,0.0,0.0,0.0,0.0,0.0,0.0,0.0,0.0,0.0,0.0,0.0,0.0,0.0,0.0,0.0,0.0,0.0,0.0,0.0,0.0,0.0,0.0,0.0,0.0,0.0,0.0,0.0,0.0,0.0,0.0,0.0,0.0,0.0,0.0,0.0,0.0,0.0,0.0,0.0,0.0,0.0,0.0,0.0,0.0
Palau,,,,,,,,,,,,,,,,,,,,,,,,,,,,,,,,,,,,,,,,,,,,,,,,,,,,,,,
Papua New Guinea,,,,,,,,,,,,,,,,,,,,,,,,,,,,,,,,,,,,,,,,,,,,,,,,,,,,,,,
Poland,0.0,0.0,0.0,0.0,0.0,0.0,0.0,0.0,0.0,0.0,0.0,0.0,0.0,0.0,0.0,0.0,0.0,0.0,0.0,0.0,0.0,0.0,0.0,0.0,0.0,0.0,0.0,0.0,0.0,0.0,0.0,0.0,0.0,0.0,0.0,0.0,0.0,0.0,0.0,0.0,0.0,0.0,0.0,0.0,0.0,0.0,0.0,0.0,0.0,0.0,0.0,0.0,0.0,0.0,0.0
Pre-demographic dividend,,,,,,,,,,,,0.0,0.0,0.0,0.0,0.0,0.0,0.0,0.0,0.0,0.0,0.0,0.0,0.0,0.0,0.0,0.0,0.0,0.0,0.0,0.0,0.0,0.0,0.0,0.0,0.0,0.0,0.0,0.0,0.0,0.0,0.0,0.0,0.0,0.0,0.0,0.0,0.0,0.0,0.0,0.0,0.0,0.0,0.0,0.0
Puerto Rico,,,,,,,,,,,,,,,,,,,,,,,,,,,,,,,,,,,,,,,,,,,,,,,,,,,,,,,
Korea Dem. People's Rep.,,,,,,,,,,,,0.0,0.0,0.0,0.0,0.0,0.0,0.0,0.0,0.0,0.0,0.0,0.0,0.0,0.0,0.0,0.0,0.0,0.0,0.0,0.0,0.0,0.0,0.0,0.0,0.0,0.0,0.0,0.0,0.0,0.0,0.0,0.0,0.0,0.0,0.0,0.0,0.0,0.0,0.0,0.0,0.0,0.0,0.0,0.0
Portugal,0.0,0.0,0.0,0.0,0.0,0.0,0.0,0.0,0.0,0.0,0.0,0.0,0.0,0.0,0.0,0.0,0.0,0.0,0.0,0.0,0.0,0.0,0.0,0.0,0.0,0.0,0.0,0.0,0.0,0.0,0.0,0.0,0.0,0.0,0.0,0.0,0.0,0.0,0.0,0.0,0.0,0.0,0.0,0.0,0.0,0.0,0.0,0.0,0.0,0.0,0.0,0.0,0.0,0.0,0.0
Paraguay,,,,,,,,,,,,0.0,0.0,0.0,0.0,0.0,0.0,0.0,0.0,0.0,0.0,0.0,0.0,0.0,0.0,0.0,0.0,0.0,0.0,0.0,0.0,0.0,0.0,0.0,0.0,0.0,0.0,0.0,0.0,0.0,0.0,0.0,0.0,0.0,0.0,0.0,0.0,0.0,0.0,0.0,0.0,0.0,0.0,0.0,0.0
West Bank and Gaza,,,,,,,,,,,,,,,,,,,,,,,,,,,,,,,,,,,,,,,,,,,,,,,,,,,,,,,
Pacific island small states,,,,,,,,,,,,,,,,,,,,,,,,,,,,,,,,,,,,,,,,,,,,,,,,,,,,,,,
Post-demographic dividend,0.166309199948167,0.250244992013293,0.335262742743605,0.498722097429915,0.645731558425561,0.951603330588029,1.20912393499363,1.36127000276499,1.58281476659654,1.72777410443917,1.97051786957963,2.63644363380434,3.33351339074311,4.11226326961774,5.25241096333631,7.17810443643825,7.75720089787625,9.27633240771841,10.3707438644494,10.23418425678,10.789605947062,12.5738749899475,13.6201119359151,14.8136425384631,16.8916700132154,19.391048078375,20.8417547852639,21.5537610445759,22.4596467306462,21.9434712352359,23.4950595105154,24.1741352351448,24.3852676453448,24.7812417731939,24.9581465654465,25.2586667656126,25.4082403471921,24.7643507016542,24.8142894740319,25.0094519192155,24.5127758641004,25.1648957365937,24.5079991719281,23.7700142249793,24.2225413729891,23.9267781641349,23.8995549610978,22.7441624901161,22.7460225850776,23.2249414402614,22.6628758119867,20.9233819159014,19.6901779622897,19.6566430436337,19.9975901261175
French Polynesia,,,,,,,,,,,,,,,,,,,,,,,,,,,,,,,,,,,,,,,,,,,,,,,,,,,,,,,
Qatar,,,,,,,,,,,,0.0,0.0,0.0,0.0,0.0,0.0,0.0,0.0,0.0,0.0,0.0,0.0,0.0,0.0,0.0,0.0,0.0,0.0,0.0,0.0,0.0,0.0,0.0,0.0,0.0,0.0,0.0,0.0,0.0,0.0,0.0,0.0,0.0,0.0,0.0,0.0,0.0,0.0,0.0,0.0,0.0,0.0,0.0,0.0
Romania,,,,,,,,,,,,0.0,0.0,0.0,0.0,0.0,0.0,0.0,0.0,0.0,0.0,0.0,0.0,0.0,0.0,0.0,0.0,0.0,0.0,0.0,0.0,0.0,0.0,0.0,0.0,0.0,2.25916870415648,9.44914957653811,9.92036787797218,10.2504436994676,10.5056417761004,10.1102736420005,10.0721658901982,8.89735219441422,9.81964282553674,9.34980559810143,8.98288594350607,12.4997973181133,17.2824681322742,20.3529554389429,19.1738563816625,18.9470797916095,19.5086262633137,19.8476151428181,17.907426152572
Russian Federation,,,,,,,,,,,,,,,,,,,,,,,,,,,,,,,10.9323828815176,11.2327425683159,11.8623630323764,12.4710422286445,11.1809491805171,11.5866108825577,12.8847058378616,13.0222498541721,12.7476884829016,14.4170382103444,14.9138359871667,15.397494526797,15.9256818754273,16.4428957660708,15.5614820868798,15.7119892678301,15.7401659179064,15.7922989858881,15.7049433231481,16.5228853233944,16.4474827142907,16.4236311266561,16.6026224314116,16.3114404556023,17.0150979024468
Rwanda,,,,,,,,,,,,,,,,,,,,,,,,,,,,,,,,,,,,,,,,,,,,,,,,,,,,,,,
South Asia,,,,,,,,,,,,1.68760189844824,1.52783456292685,3.19569508479334,2.98422504761528,3.24244569151942,3.50897173997352,2.3574605875723,2.35458206952927,2.25418815079415,2.13105116283175,2.05109747763291,1.32732906834236,2.1060825985604,2.17528945588776,2.43822364602609,2.27396940014973,2.11453636667522,2.09344228029347,1.45445997764684,1.86309397547589,1.57026002650109,1.81332877442924,1.37234181016327,1.32790702116922,1.68613418980437,1.79645275724388,1.87373801504032,2.05329705100933,2.13403058065237,2.82757423738418,3.14078480621595,2.93184703509597,2.5428611738266,2.43788896376687,2.31549903339868,2.28678913939483,2.06141697861467,1.66087239654772,2.00690028003119,2.60616141411642,3.02757958430231,2.88928802468816,2.85670692762919,2.7711903216382
Saudi Arabia,,,,,,,,,,,,0.0,0.0,0.0,0.0,0.0,0.0,0.0,0.0,0.0,0.0,0.0,0.0,0.0,0.0,0.0,0.0,0.0,0.0,0.0,0.0,0.0,0.0,0.0,0.0,0.0,0.0,0.0,0.0,0.0,0.0,0.0,0.0,0.0,0.0,0.0,0.0,0.0,0.0,0.0,0.0,0.0,0.0,0.0,0.0
Sudan,,,,,,,,,,,,0.0,0.0,0.0,0.0,0.0,0.0,0.0,0.0,0.0,0.0,0.0,0.0,0.0,0.0,0.0,0.0,0.0,0.0,0.0,0.0,0.0,0.0,0.0,0.0,0.0,0.0,0.0,0.0,0.0,0.0,0.0,0.0,0.0,0.0,0.0,0.0,0.0,0.0,0.0,0.0,0.0,0.0,0.0,0.0
Senegal,,,,,,,,,,,,0.0,0.0,0.0,0.0,0.0,0.0,0.0,0.0,0.0,0.0,0.0,0.0,0.0,0.0,0.0,0.0,0.0,0.0,0.0,0.0,0.0,0.0,0.0,0.0,0.0,0.0,0.0,0.0,0.0,0.0,0.0,0.0,0.0,0.0,0.0,0.0,0.0,0.0,0.0,0.0,0.0,0.0,0.0,0.0
Singapore,,,,,,,,,,,,0.0,0.0,0.0,0.0,0.0,0.0,0.0,0.0,0.0,0.0,0.0,0.0,0.0,0.0,0.0,0.0,0.0,0.0,0.0,0.0,0.0,0.0,0.0,0.0,0.0,0.0,0.0,0.0,0.0,0.0,0.0,0.0,0.0,0.0,0.0,0.0,0.0,0.0,0.0,0.0,0.0,0.0,0.0,0.0
Solomon Islands,,,,,,,,,,,,,,,,,,,,,,,,,,,,,,,,,,,,,,,,,,,,,,,,,,,,,,,
Sierra Leone,,,,,,,,,,,,,,,,,,,,,,,,,,,,,,,,,,,,,,,,,,,,,,,,,,,,,,,
El Salvador,,,,,,,,,,,,0.0,0.0,0.0,0.0,0.0,0.0,0.0,0.0,0.0,0.0,0.0,0.0,0.0,0.0,0.0,0.0,0.0,0.0,0.0,0.0,0.0,0.0,0.0,0.0,0.0,0.0,0.0,0.0,0.0,0.0,0.0,0.0,0.0,0.0,0.0,0.0,0.0,0.0,0.0,0.0,0.0,0.0,0.0,0.0
San Marino,,,,,,,,,,,,,,,,,,,,,,,,,,,,,,,,,,,,,,,,,,,,,,,,,,,,,,,
Somalia,,,,,,,,,,,,,,,,,,,,,,,,,,,,,,,,,,,,,,,,,,,,,,,,,,,,,,,
Serbia,,,,,,,,,,,,,,,,,,,,,,,,,,,,,,,0.0,0.0,0.0,0.0,0.0,0.0,0.0,0.0,0.0,0.0,0.0,0.0,0.0,0.0,0.0,0.0,0.0,0.0,0.0,0.0,0.0,0.0,0.0,0.0,0.0
Sub-Saharan Africa (excluding high income),,,,,,,,,,,,0.0,0.0,0.0,0.0,0.0,0.0,0.0,0.0,0.0,0.0,0.0,0.0,0.0,1.97990681017928,2.52129301615572,4.00945584913417,2.73000286344556,4.44373279514734,4.53077902817654,3.35418162255445,3.57928250026821,3.65120517777123,2.76390442323508,3.58181103088822,4.0356991320294,3.9752368477505,4.11721218473522,4.45627038836558,4.15789740780564,4.05986113363308,3.266122734912,3.43187449448309,3.51406870351772,3.49990133330992,2.90738089073784,2.48151362671992,2.71666777374289,3.15648784780105,3.14866738148749,2.79487264838331,3.03880312715036,2.68272403114676,3.10439770664277,2.96382890007609
South Sudan,,,,,,,,,,,,,,,,,,,,,,,,,,,,,,,,,,,,,,,,,,,,,,,,,,,,,0.0,0.0,0.0
Sub-Saharan Africa,,,,,,,,,,,,0.0,0.0,0.0,0.0,0.0,0.0,0.0,0.0,0.0,0.0,0.0,0.0,0.0,1.97829286822069,2.51923775751034,4.00618749882961,2.72777747276265,4.4401104394011,4.52708571577361,3.35144742596018,3.57636481031476,3.64822885928718,2.76165139733746,3.57889127977631,4.03240938923547,3.97199639142653,4.11385599571501,4.45263781246774,4.15450805379591,4.05655169492822,3.26346032045053,3.42907696572326,3.51120417327982,3.49704835175355,2.90501090848158,2.47949079466419,2.71445325329927,3.15391480337635,3.14610071199855,2.79259437840972,3.03632601466931,2.68053718030361,3.10186712404709,2.96141290362851
Small states,,,,,,,,,,,,0.0,0.0,0.0,0.0,0.0,0.0,0.0,0.0,0.0,0.0,0.0,0.0,0.0,0.0,0.0,0.0,0.0,0.0,0.0,0.0,0.0,0.0,0.0,0.0,0.0,0.0,0.0,0.0,0.0,0.0,0.0,0.0,0.0,0.0,0.0,0.0,0.0,0.0,0.0,0.0,0.0,0.0,0.0,0.0
Sao Tome and Principe,,,,,,,,,,,,,,,,,,,,,,,,,,,,,,,,,,,,,,,,,,,,,,,,,,,,,,,
Suriname,,,,,,,,,,,,,,,,,,,,,,,,,,,,,,,,,,,,,,,,,0.0,0.0,0.0,0.0,0.0,0.0,0.0,0.0,0.0,0.0,0.0,0.0,0.0,0.0,0.0
Slovak Republic,,,,,,,,,,,,0.0,0.0253742704897234,1.88633222213188,3.77153499922396,1.39875832149001,3.0447062065165,0.744757300581433,0.123120787973043,12.7471353084367,22.6523764210948,26.0492260847501,29.5696202531646,31.9779534109817,36.2911716047526,42.7523353839143,49.3741834885583,49.7924055012542,51.0136937577805,51.9529914529914,47.2055535945405,48.1802069164503,47.5637052341598,47.7707536183663,49.4736428627543,43.276070833964,44.1934470024358,44.1982996048377,44.279496346961,46.6714107809998,53.555425676992,53.6884731290809,55.7338879920527,57.6518427677015,55.8962573867367,56.5418474100536,57.6365556302198,54.9763373010182,58.07719054242,54.3269416258343,53.0658316341392,54.4789309954751,54.6985314882801,55.1308129339973,57.0907617504052
Slovenia,,,,,,,,,,,,,,,,,,,,,,,,,,,,,,,37.1423979427837,38.857501569366,32.1694750486066,33.1156872593337,35.742535866615,37.0092155192442,35.5901049245615,38.091985428051,36.7278554778555,35.4094405067109,34.9456840869055,36.3403843495092,37.8682011234416,37.6772793053546,35.7474952524393,38.9230667460475,36.7052596758187,37.8581399986705,38.2523324592963,34.9875022861672,34.8015995078437,39.0512095507383,35.5544121430409,33.5252071604782,37.1147235331818
Sweden,0.0,0.0,0.0,0.0,0.0,0.0366673456915869,0.0888906447534766,0.0928988146111256,0.0409179861234656,0.105060108160243,0.0924153409465971,0.135269185679502,2.04457594238901,2.70433000256213,2.73465583810411,14.8587247988877,18.5121307528475,22.1282601206814,25.60290254511,22.1309406096817,27.5011420740064,36.6363300468662,39.2364739930863,37.6636140682839,41.3132362007983,42.8895773368781,50.6582949508995,46.1613815875104,47.6678957161788,45.9031878865907,46.7071733888645,52.2290263319045,43.5423747396119,42.2693756153311,51.2655921513665,47.1600142960221,52.8163155012906,46.8667479860059,46.339528058895,47.2674666425554,39.4654033918378,44.6232866115907,46.4287661895024,49.7972359080803,51.0875370039493,45.7026489438954,46.743575785492,44.9990928821486,42.622786769317,38.1928786858364,38.9519062373703,40.2485125188015,38.4754500228316,43.4271487476394,42.2502832879638
Eswatini,,,,,,,,,,,,,,,,,,,,,,,,,,,,,,,,,,,,,,,,,,,,,,,,,,,,,,,
Sint Maarten (Dutch part),,,,,,,,,,,,,,,,,,,,,,,,,,,,,,,,,,,,,,,,,,,,,,,,,,,,,,,
Seychelles,,,,,,,,,,,,,,,,,,,,,,,,,,,,,,,,,,,,,,,,,,,,,,,,,,,,,,,
Syrian Arab Republic,,,,,,,,,,,,0.0,0.0,0.0,0.0,0.0,0.0,0.0,0.0,0.0,0.0,0.0,0.0,0.0,0.0,0.0,0.0,0.0,0.0,0.0,0.0,0.0,0.0,0.0,0.0,0.0,0.0,0.0,0.0,0.0,0.0,0.0,0.0,0.0,0.0,0.0,0.0,0.0,0.0,0.0,0.0,0.0,0.0,0.0,0.0
Turks and Caicos Islands,,,,,,,,,,,,,,,,,,,,,,,,,,,,,,,,,,,,,,,,,,,,,,,,,,,,,,,
Chad,,,,,,,,,,,,,,,,,,,,,,,,,,,,,,,,,,,,,,,,,,,,,,,,,,,,,,,
East Asia & Pacific (IDA & IBRD countries),,,,,,,,,,,,0.0,0.0,0.0,0.0,0.0,0.0,0.0,0.0,0.0,0.0,0.0,0.0,0.0,0.0,0.0,0.0,0.0,0.0,0.0,0.0,0.0,0.0,0.155926274430141,1.2911252531882,1.02511882108596,1.05882188717883,1.00636622280307,0.958148010416818,0.958818642252409,0.984392049123086,0.945637265643569,1.2283880416201,1.86015746042584,1.90285894656398,1.78552479377071,1.62893114931718,1.62832961800062,1.70081210090142,1.62809550578198,1.52560818202807,1.60504548893567,1.70500828241368,1.7999003857451,2.04713737666657
Europe & Central Asia (IDA & IBRD countries),,,,,,,,,,,,,,,,,,,,,,,,,,,,,,,10.1785104073357,10.3953504079074,10.8770369884312,11.6194396243211,10.8777563416578,11.3179480458004,12.7684277323116,13.0713276371784,12.6570475134924,13.2946310315318,13.89090382459,14.0638416855268,14.4334931484166,14.3649623546267,14.0142821741846,14.141056405601,14.0131376037354,13.9555281516064,13.9386935997951,14.2438174524823,14.1002053572474,13.9907607016,13.9717540548608,13.2919278506968,13.95630705611
Togo,,,,,,,,,,,,0.0,0.0,0.0,0.0,0.0,0.0,0.0,0.0,0.0,0.0,0.0,0.0,0.0,0.0,0.0,0.0,0.0,0.0,0.0,0.0,0.0,0.0,0.0,0.0,0.0,0.0,0.0,0.0,0.0,0.0,0.0,0.0,0.0,0.0,0.0,0.0,0.0,0.0,0.0,0.0,0.0,0.0,0.0,0.0
Thailand,,,,,,,,,,,,0.0,0.0,0.0,0.0,0.0,0.0,0.0,0.0,0.0,0.0,0.0,0.0,0.0,0.0,0.0,0.0,0.0,0.0,0.0,0.0,0.0,0.0,0.0,0.0,0.0,0.0,0.0,0.0,0.0,0.0,0.0,0.0,0.0,0.0,0.0,0.0,0.0,0.0,0.0,0.0,0.0,0.0,0.0,0.0
Tajikistan,,,,,,,,,,,,,,,,,,,,,,,,,,,,,,,0.0,0.0,0.0,0.0,0.0,0.0,0.0,0.0,0.0,0.0,0.0,0.0,0.0,0.0,0.0,0.0,0.0,0.0,0.0,0.0,0.0,0.0,0.0,0.0,0.0
Turkmenistan,,,,,,,,,,,,,,,,,,,,,,,,,,,,,,,0.0,0.0,0.0,0.0,0.0,0.0,0.0,0.0,0.0,0.0,0.0,0.0,0.0,0.0,0.0,0.0,0.0,0.0,0.0,0.0,0.0,0.0,0.0,0.0,0.0
Latin America & the Caribbean (IDA & IBRD countries),,,,,,,,,,,,0.0,0.0,0.0,0.503630652663144,1.15072185661464,1.07442867920497,0.619250740886256,1.00285767297302,0.835782317036734,0.664519198870837,0.76991631900914,0.481651752122736,0.828153141382199,1.42060052177646,1.94234908177782,1.16081106140436,1.39654235609851,1.14948931790472,1.25647936033924,2.12202399675942,2.1534221601747,1.97824010210099,1.93319771329649,1.74992975332868,2.39297621443865,2.24779987216761,2.5789088153758,2.26572041918643,2.30752599931221,2.12231139282398,3.14553645299709,2.9855879076374,3.02011477776205,2.63609282449068,2.42145487244852,2.73678231396004,2.43115884756742,2.42567059295545,2.45697891888918,2.03901192187012,2.25750926758514,2.11870334495664,2.22234696329708,2.00940439995438
Timor-Leste,,,,,,,,,,,,,,,,,,,,,,,,,,,,,,,,,,,,,,,,,,,,,,,,,,,,,,,
Middle East & North Africa (IDA & IBRD countries),,,,,,,,,,,,0.0,0.0,0.0,0.0,0.0,0.0,0.0,0.0,0.0,0.0,0.0,0.0,0.0,0.0,0.0,0.0,0.0,0.0,0.0,0.0,0.0,0.0,0.0,0.0,0.0,0.0,0.0,0.0,0.0,0.0,0.0,0.0,0.0,0.0,0.0,0.0,0.0,0.0,0.0,0.0,0.0503318322724635,0.273180557157102,0.647978773654504,0.610385850027403
Tonga,,,,,,,,,,,,,,,,,,,,,,,,,,,,,,,,,,,,,,,,,,,,,,,,,,,,,,,
South Asia (IDA & IBRD),,,,,,,,,,,,1.68760189844824,1.52783456292685,3.19569508479334,2.98422504761528,3.24244569151942,3.50897173997352,2.3574605875723,2.35458206952927,2.25418815079415,2.13105116283175,2.05109747763291,1.32732906834236,2.1060825985604,2.17528945588776,2.43822364602609,2.27396940014973,2.11453636667522,2.09344228029347,1.45445997764684,1.86309397547589,1.57026002650109,1.81332877442924,1.37234181016327,1.32790702116922,1.68613418980437,1.79645275724388,1.87373801504032,2.05329705100933,2.13403058065237,2.82757423738418,3.14078480621595,2.93184703509597,2.5428611738266,2.43788896376687,2.31549903339868,2.28678913939483,2.06141697861467,1.66087239654772,2.00690028003119,2.60616141411642,3.02757958430231,2.88928802468816,2.85670692762919,2.7711903216382
Sub-Saharan Africa (IDA & IBRD countries),,,,,,,,,,,,0.0,0.0,0.0,0.0,0.0,0.0,0.0,0.0,0.0,0.0,0.0,0.0,0.0,1.97829286822069,2.51923775751034,4.00618749882961,2.72777747276265,4.4401104394011,4.52708571577361,3.35144742596018,3.57636481031476,3.64822885928718,2.76165139733746,3.57889127977631,4.03240938923547,3.97199639142653,4.11385599571501,4.45263781246774,4.15450805379591,4.05655169492822,3.26346032045053,3.42907696572326,3.51120417327982,3.49704835175355,2.90501090848158,2.47949079466419,2.71445325329927,3.15391480337635,3.14610071199855,2.79259437840972,3.03632601466931,2.68053718030361,3.10186712404709,2.96141290362851
Trinidad and Tobago,,,,,,,,,,,,0.0,0.0,0.0,0.0,0.0,0.0,0.0,0.0,0.0,0.0,0.0,0.0,0.0,0.0,0.0,0.0,0.0,0.0,0.0,0.0,0.0,0.0,0.0,0.0,0.0,0.0,0.0,0.0,0.0,0.0,0.0,0.0,0.0,0.0,0.0,0.0,0.0,0.0,0.0,0.0,0.0,0.0,0.0,0.0
Tunisia,,,,,,,,,,,,0.0,0.0,0.0,0.0,0.0,0.0,0.0,0.0,0.0,0.0,0.0,0.0,0.0,0.0,0.0,0.0,0.0,0.0,0.0,0.0,0.0,0.0,0.0,0.0,0.0,0.0,0.0,0.0,0.0,0.0,0.0,0.0,0.0,0.0,0.0,0.0,0.0,0.0,0.0,0.0,0.0,0.0,0.0,0.0
Turkey,0.0,0.0,0.0,0.0,0.0,0.0,0.0,0.0,0.0,0.0,0.0,0.0,0.0,0.0,0.0,0.0,0.0,0.0,0.0,0.0,0.0,0.0,0.0,0.0,0.0,0.0,0.0,0.0,0.0,0.0,0.0,0.0,0.0,0.0,0.0,0.0,0.0,0.0,0.0,0.0,0.0,0.0,0.0,0.0,0.0,0.0,0.0,0.0,0.0,0.0,0.0,0.0,0.0,0.0,0.0
Tuvalu,,,,,,,,,,,,,,,,,,,,,,,,,,,,,,,,,,,,,,,,,,,,,,,,,,,,,,,
Tanzania,,,,,,,,,,,,0.0,0.0,0.0,0.0,0.0,0.0,0.0,0.0,0.0,0.0,0.0,0.0,0.0,0.0,0.0,0.0,0.0,0.0,0.0,0.0,0.0,0.0,0.0,0.0,0.0,0.0,0.0,0.0,0.0,0.0,0.0,0.0,0.0,0.0,0.0,0.0,0.0,0.0,0.0,0.0,0.0,0.0,0.0,0.0
Uganda,,,,,,,,,,,,,,,,,,,,,,,,,,,,,,,,,,,,,,,,,,,,,,,,,,,,,,,
Ukraine,,,,,,,,,,,,,,,,,,,,,,,,,,,,,,,25.5098350445038,26.9802166863578,29.2291046580294,32.7559336200742,33.963287998303,36.3856341676083,43.5358481275816,44.6689460483844,43.5799265549158,41.9119015493416,45.1576175490019,44.0785171553735,44.932362362593,45.1733552339519,47.8064055375488,47.7406098551473,46.6923351601435,47.154918955827,46.6498083972874,47.7620536922802,47.2133370051052,46.2933705398363,45.4404299188861,42.9563358904732,48.5720566011815
Upper middle income,,,,,,,,,,,,0.0,0.0,0.0,0.20029509577695,0.465809872262766,0.645287229373309,0.591643456123433,0.629998296858601,0.583049508258433,0.519719944259059,0.696151670786613,0.694344997201451,0.81975062519606,1.10662095762123,1.25067404510414,1.1261560530867,1.02745662145011,1.22116914211077,1.15968341518525,5.2629350678416,5.20283889378354,5.08834043587904,5.03619421469637,4.79086333870836,4.88490772330672,5.14997573008053,5.20157719338141,4.9694495854351,5.26537376113281,5.28492409220756,5.48919317889761,5.51682585284086,5.62227500152756,5.17433219255778,4.92817861278459,4.73279015419735,4.46456709923728,4.52312847763817,4.43120479612294,4.10982808612254,4.07496479434002,4.04579008898684,3.952662073616,4.12685561278177
Uruguay,,,,,,,,,,,,0.0,0.0,0.0,0.0,0.0,0.0,0.0,0.0,0.0,0.0,0.0,0.0,0.0,0.0,0.0,0.0,0.0,0.0,0.0,0.0,0.0,0.0,0.0,0.0,0.0,0.0,0.0,0.0,0.0,0.0,0.0,0.0,0.0,0.0,0.0,0.0,0.0,0.0,0.0,0.0,0.0,0.0,0.0,0.0
United States,0.0692777977163337,0.215179689322422,0.268683990460557,0.353732927008749,0.343260630424641,0.349964001913936,0.487348894616474,0.594980561581967,0.952330207445297,0.975677779516332,1.43630329868199,2.38067841585553,3.12315482232543,4.53658568849087,6.19469840369686,9.12468426181905,9.47493331250348,11.9122723245361,12.6481474606314,11.4619757143287,10.9661272514543,11.8601211970009,12.6119071712737,12.7110214614706,13.5514148151241,15.5119379662836,16.625980594941,17.7605001054399,19.5445343350448,17.9407113942132,19.0953702261106,19.9514883759513,20.056582941891,19.0766087182148,19.6684077721093,20.0598925239449,19.5881732362997,18.1460533410308,18.7704888731882,19.9247064387534,19.8147239675252,20.6470146771244,19.9811047042283,19.4299925838217,19.607601589169,18.9915076224786,19.0922315755445,19.3489927530953,19.2909937416244,19.9311229787331,19.2664460909667,18.9848461910931,18.7579199060429,19.1738311600765,19.2302385002996
Uzbekistan,,,,,,,,,,,,,,,,,,,,,,,,,,,,,,,0.0,0.0,0.0,0.0,0.0,0.0,0.0,0.0,0.0,0.0,0.0,0.0,0.0,0.0,0.0,0.0,0.0,0.0,0.0,0.0,0.0,0.0,0.0,0.0,0.0
St. Vincent and the Grenadines,,,,,,,,,,,,,,,,,,,,,,,,,,,,,,,,,,,,,,,,,,,,,,,,,,,,,,,
Venezuela RB,,,,,,,,,,,,0.0,0.0,0.0,0.0,0.0,0.0,0.0,0.0,0.0,0.0,0.0,0.0,0.0,0.0,0.0,0.0,0.0,0.0,0.0,0.0,0.0,0.0,0.0,0.0,0.0,0.0,0.0,0.0,0.0,0.0,0.0,0.0,0.0,0.0,0.0,0.0,0.0,0.0,0.0,0.0,0.0,0.0,0.0,0.0
British Virgin Islands,,,,,,,,,,,,,,,,,,,,,,,,,,,,,,,,,,,,,,,,,,,,,,,,,,,,,,,
Virgin Islands (U.S.),,,,,,,,,,,,,,,,,,,,,,,,,,,,,,,,,,,,,,,,,,,,,,,,,,,,,,,
Vietnam,,,,,,,,,,,,0.0,0.0,0.0,0.0,0.0,0.0,0.0,0.0,0.0,0.0,0.0,0.0,0.0,0.0,0.0,0.0,0.0,0.0,0.0,0.0,0.0,0.0,0.0,0.0,0.0,0.0,0.0,0.0,0.0,0.0,0.0,0.0,0.0,0.0,0.0,0.0,0.0,0.0,0.0,0.0,0.0,0.0,0.0,0.0
Vanuatu,,,,,,,,,,,,,,,,,,,,,,,,,,,,,,,,,,,,,,,,,,,,,,,,,,,,,,,
World,,,,,,,,,,,,2.00393253076254,2.51892839029948,3.11956933785335,3.95645271380142,5.33940234074675,5.75485468928927,6.78173596199902,7.55990231918051,7.45575948147284,7.81029619583669,9.03964757659395,9.64135892637465,10.4959583048163,11.9594462333769,13.6546414731062,14.4264131317246,14.8057868653155,15.2935062065387,14.904364304005,16.9202763991377,17.3078951067309,17.3039372429975,17.4304203350337,17.4153740204025,17.5115895353483,17.5934408323292,17.0565333552629,16.9850054717891,17.0944421193223,16.7129971766146,16.8874272496245,16.3933886224432,15.6649191068749,15.5604463861662,15.0797604167818,14.6408213834074,13.6700432335713,13.4828113371522,13.3515910010927,12.7941011567922,11.6106704870588,10.817549047051,10.5860665269462,10.6073757890339
Samoa,,,,,,,,,,,,,,,,,,,,,,,,,,,,,,,,,,,,,,,,,,,,,,,,,,,,,,,
Kosovo,,,,,,,,,,,,,,,,,,,,,,,,,,,,,,,,,,,,,,,,,0.0,0.0,0.0,0.0,0.0,0.0,0.0,0.0,0.0,0.0,0.0,0.0,0.0,0.0,0.0
Yemen Rep.,,,,,,,,,,,,0.0,0.0,0.0,0.0,0.0,0.0,0.0,0.0,0.0,0.0,0.0,0.0,0.0,0.0,0.0,0.0,0.0,0.0,0.0,0.0,0.0,0.0,0.0,0.0,0.0,0.0,0.0,0.0,0.0,0.0,0.0,0.0,0.0,0.0,0.0,0.0,0.0,0.0,0.0,0.0,0.0,0.0,0.0,0.0
South Africa,,,,,,,,,,,,0.0,0.0,0.0,0.0,0.0,0.0,0.0,0.0,0.0,0.0,0.0,0.0,0.0,2.90181871950318,3.75926554631359,6.01067897525537,4.09498071036328,6.69461138970767,6.83772794480039,5.10868579375397,5.49149610838858,5.5697811786012,4.18490894722573,5.38204947467157,6.09609399021475,5.90237398243574,6.08748808687197,6.7015185707106,6.40498548063586,6.25971314058613,5.14908273407214,5.48626489266302,5.4759392513665,5.54725438924169,4.66546859184896,3.99679491012593,4.34433781190019,5.08924972311257,5.18850150922756,4.71423895763848,5.20155946620643,4.68944306488881,5.5712660747575,5.52929999879746
Zambia,,,,,,,,,,,,0.0,0.0,0.0,0.0,0.0,0.0,0.0,0.0,0.0,0.0,0.0,0.0,0.0,0.0,0.0,0.0,0.0,0.0,0.0,0.0,0.0,0.0,0.0,0.0,0.0,0.0,0.0,0.0,0.0,0.0,0.0,0.0,0.0,0.0,0.0,0.0,0.0,0.0,0.0,0.0,0.0,0.0,0.0,0.0
Zimbabwe,,,,,,,,,,,,0.0,0.0,0.0,0.0,0.0,0.0,0.0,0.0,0.0,0.0,0.0,0.0,0.0,0.0,0.0,0.0,0.0,0.0,0.0,0.0,0.0,0.0,0.0,0.0,0.0,0.0,0.0,0.0,0.0,0.0,0.0,0.0,0.0,0.0,0.0,0.0,0.0,0.0,0.0,0.0,0.0,0.0,0.0,0.0
